species,lon,lat
Cereus_jamacaru,-39.052139,-7.834861
Cereus_jamacaru,-41.750283,-3.066111
Cereus_jamacaru,-41.713889,-4.099722
Cereus_jamacaru,-41.5574989318848,-3.47194004058838
Cereus_jamacaru,-41.4668998718262,-7.07694005966187
Cereus_jamacaru,-41.406667,-3.385556
Cereus_jamacaru,-42.637222,-5.539722
Cereus_jamacaru,-41.804333,-2.843361
Cereus_jamacaru,-40.1236000061035,-6.57360982894897
Cereus_jamacaru,-42.8367004394531,-5.09417009353638
Cereus_jamacaru,-41.8669013977051,-3.17499995231628
Cereus_jamacaru,-40.6371994018555,-7.33194017410278
Cereus_jamacaru,-42.1685981750488,-4.82777976989746
Cereus_jamacaru,-41.5525016784668,-5.32221984863281
Cereus_jamacaru,-41.3431015014648,-6.81666994094849
Cereus_jamacaru,-41.4752998352051,-6.87166976928711
Cereus_jamacaru,-36.6389007568359,-6.43556022644043
Cereus_jamacaru,-43.197222,-22.123611
Cereus_jamacaru,-43.901111,-16.664722
Cereus_jamacaru,-41.7811012268066,-4.13166999816895
Cereus_jamacaru,-38.457778,-6.984167
Cereus_jamacaru,-36.898222,-7.470556
Cereus_jamacaru,-35.585278,-6.892222
Cereus_jamacaru,-35.75,-6.990556
Cereus_jamacaru,-36.000015,-6.660034
Cereus_jamacaru,-35.7900009155273,-6.64167022705078
Cereus_jamacaru,-38.228099822998,-6.7591700553894
Cereus_jamacaru,-35.695833,-8.494444
Cereus_jamacaru,-36.879167,-8.575
Cereus_jamacaru,-34.950278,-8.012778
Cereus_jamacaru,-38.570833,-8.6
Cereus_jamacaru,-38.9455986022949,-7.31333017349243
Cereus_jamacaru,-37.94580078125,-7.01444005966187
Cereus_jamacaru,-38.5018997192383,-7.12056016921997
Cereus_jamacaru,-35.3266983032227,-7.65693998336792
Cereus_jamacaru,-36.3711013793945,-8.14583015441895
Cereus_jamacaru,-37.1199989318848,-7.88944005966187
Cereus_jamacaru,-35.5872001647949,-7.79582977294922
Cereus_jamacaru,-35.6288986206055,-6.54333019256592
Cereus_jamacaru,-40.5008010864258,-9.39861011505127
Cereus_jamacaru,-40.7742004394531,-5.53444004058838
Cereus_jamacaru,-36.0611000061035,-7.07667016983032
Cereus_jamacaru,-38.5553016662598,-6.89027976989746
Cereus_jamacaru,-35.4900016784668,-6.85472011566162
Cereus_jamacaru,-40.3652992248535,-14.5297002792358
Cereus_jamacaru,-44.1721992492676,-17.7574996948242
Cereus_jamacaru,-43.814998626709,-17.1077995300293
Cereus_jamacaru,-39.9094009399414,-8.99028015136719
Cereus_jamacaru,-41.5032997131348,-16.5617008209229
Cereus_jamacaru,-43.0283012390137,-15.7433004379272
Cereus_jamacaru,-39.0153007507324,-4.97138977050781
Cereus_jamacaru,-48.5071983337402,-16.0821990966797
Cereus_jamacaru,-39.649108,-9.845822
Cereus_jamacaru,-47.217611,-13.593194
Cereus_jamacaru,-47.896833,-19.804667
Cereus_jamacaru,-44.280178,-10.079581
Cereus_jamacaru,-43.908611,-10.778056
Cereus_jamacaru,-41.597222,-13.689722
Cereus_jamacaru,-44.460017,-5.220006
Cereus_jamacaru,-44.640833,-10.799722
Cereus_jamacaru,-43.559722,-10.8
Cereus_jamacaru,-44.819722,-11.879722
Cereus_jamacaru,-43.50795,-18.1448
Cereus_jamacaru,-38.77,-11.86
Cereus_jamacaru,-48.6,-15.57
Cereus_jamacaru,-52.2064018249512,-3.20333003997803
Cereus_jamacaru,-41.8558,-11.3042
Cereus_jamacaru,-38.4808006286621,-10.0749998092651
Cereus_jamacaru,-36.6610984802246,-9.7524995803833
Cereus_jamacaru,-38.522778,-6.043889
Cereus_jamacaru,-39.143889,-7.222222
Cereus_jamacaru,-38.977778,-6.7425
Cereus_jamacaru,-38.816667,-3.566667
Cereus_jamacaru,-40.182361,-6.671639
Cereus_jamacaru,-39.059997,-3.600003
Cereus_jamacaru,-40.070711,-5.411836
Cereus_jamacaru,-37.275139,-7.059806
Cereus_jamacaru,-39.999722,-4.071389
Cereus_jamacaru,-38.3911018371582,-3.90139007568359
Cereus_jamacaru,-39.3116989135742,-4.35889005661011
Cereus_jamacaru,-39.1925010681152,-4.23222017288208
Cereus_jamacaru,-38.6530990600586,-3.73610997200012
Cereus_jamacaru,-39.4543991088867,-4.05278015136719
Cereus_jamacaru,-40.8894004821777,-3.92333006858826
Cereus_jamacaru,-37.3553009033203,-4.71305990219116
Cereus_jamacaru,-38.621898651123,-5.89056015014648
Cereus_jamacaru,-39.2703018188477,-3.79277992248535
Cereus_jamacaru,-40.1567001342773,-4.33194017410278
Cereus_jamacaru,-38.9682998657227,-3.6072199344635
Cereus_jamacaru,-40.3497009277344,-3.68611001968384
Cereus_jamacaru,-39.5806007385254,-3.98888993263245
Cereus_jamacaru,-40.9211006164551,-3.85443997383118
Cereus_jamacaru,-36.1281,-5.35639
Cereus_jamacaru,-39.2986,-6.35944
Cereus_jamacaru,-35.216667,-5.8
Cereus_jamacaru,-37.344444,-5.191944
Cereus_jamacaru,-44.45,-18.333333
Cereus_jamacaru,-41.5,-12.383333
Cereus_jamacaru,-41.573611,-12.924167
Cereus_jamacaru,-43.333333,-18.1
Cereus_jamacaru,-43.379167,-18.130556
Cereus_jamacaru,-41.548333,-12.996944
Cereus_jamacaru,-44.333333,-15.833333
Cereus_jamacaru,-43.55,-18.033333
Cereus_jamacaru,-41.95,-15.883333
Cereus_jamacaru,-41.666667,-14.133333
Cereus_jamacaru,-45.5393981933594,-20.2819004058838
Cereus_jamacaru,-41.2971992492676,-16.0053005218506
Cereus_jamacaru,-39.6,-10.966667
Cereus_jamacaru,-42.650278,-12.974722
Cereus_jamacaru,-44.32,-13.586111
Cereus_jamacaru,-41.193889,-11.438333
Cereus_jamacaru,-40,-9.6425
Cereus_jamacaru,-40.407778,-11.013611
Cereus_jamacaru,-42.946944,-9.055
Cereus_jamacaru,-39.470278,-9.419722
Cereus_jamacaru,-39.183333,-11.5
Cereus_jamacaru,-39.745833,-12.716111
Cereus_jamacaru,-35.897222,-5.714167
Cereus_jamacaru,-38.875278,-11.711667
Cereus_jamacaru,-38.968056,-12.196111
Cereus_jamacaru,-38.384167,-7.968056
Cereus_jamacaru,-36.406111,-8.81
Cereus_jamacaru,-40.928333,-5.146667
Cereus_jamacaru,-39.85,-12.883333
Cereus_jamacaru,-41.438889,-11.011944
Cereus_jamacaru,-42.529722,-14.225
Cereus_jamacaru,-38.809444,-10.950556
Cereus_jamacaru,-42.383333,-9.95
Cereus_jamacaru,-39.15,-10.016667
Cereus_jamacaru,-39.083333,-12.533333
Cereus_jamacaru,-39.6046981811523,-13.0303001403809
Cereus_jamacaru,-38.9667015075684,-12.2666997909546
Cereus_jamacaru,-39.6981010437012,-12.7118997573853
Cereus_jamacaru,-39.4618988037109,-11.4121999740601
Cereus_jamacaru,-42.057222,-16.864722
Cereus_jamacaru,-51.9063987731934,-27.4617004394531
Cereus_jamacaru,-40.999472,-13.102389
Cereus_jamacaru,-40.9056015014648,-12.3557996749878
Cereus_jamacaru,-36.5327987670898,-7.39083003997803
Cereus_jamacaru,-38.216667,-5.8
Cereus_jamacaru,-39.907389,-7.297778
Cereus_jamacaru,-37.819972,-6.670139
Cereus_jamacaru,-36.7757987976074,-8.46638965606689
Cereus_jamacaru,-40.0816993713379,-7.88250017166138
Cereus_jamacaru,-34.8810997009277,-8.05389022827148
Cereus_jamacaru,-38.718611,-8.059722
Cereus_jamacaru,-39.366667,-12.5
Cereus_jamacaru,-38.930833,-11.452778
Cereus_jamacaru,-35.5332984924316,-6.69166994094849
Cereus_jamacaru,-36.7131004333496,-6.99666976928711
Cereus_jamacaru,-36.9185981750488,-6.87222003936768
Cereus_jamacaru,-36.3628005981445,-7.05721998214722
Cereus_jamacaru,-44.562778,-17.088889000000002
Cereus_jamacaru,-44.0814018249512,-19.5578002929688
Cereus_jamacaru,-43.7144012451172,-19.1688995361328
Cereus_jamacaru,-39.524444,-7.325556
Cereus_jamacaru,-39.875,-6.87444019317627
Cereus_jamacaru,-39.4094009399414,-7.23416996002197
Cereus_jamacaru,-39.2980995178223,-7.58249998092651
Cereus_jamacaru,-39.273056,-6.273611
Cereus_jamacaru,-35.833333,-8.8
Cereus_jamacaru,-38.793333,-8.114167
Cereus_jamacaru,-35.720278,-8.687
Cereus_jamacaru,-35.843944,-8.381944
Cereus_jamacaru,-38.1492004394531,-9.10527992248535
Cereus_jamacaru,-36.9463996887207,-7.37416982650757
Cereus_jamacaru,-37.7467002868652,-6.34389019012451
Cereus_jamacaru,-38.6500015258789,-6.81699991226196
Cereus_jamacaru,-36.2400016784668,-7.25943994522095
Cereus_jamacaru,-39.4632987976074,-8.55333042144775
Cereus_jamacaru,-38.9716987609863,-7.92555999755859
Cereus_jamacaru,-36.1535987854004,-6.48361015319824
Cereus_jamacaru,-37.801700592041,-6.77027988433838
Cereus_jamacaru,-36.8800010681152,-7.67166996002197
Cereus_jamacaru,-36.7310981750488,-7.07444000244141
Cereus_jamacaru,-38.1528015136719,-7.82082986831665
Cereus_jamacaru,-35.4021987915039,-6.61667013168335
Cereus_jamacaru,-38.1622009277344,-6.94055986404419
Cereus_jamacaru,-34.8731002807617,-7.94083023071289
Cereus_jamacaru,-34.9063987731934,-7.83416986465454
Cereus_jamacaru,-40.166667,-14
Cereus_jamacaru,-39.603889,-14.7025
Cereus_jamacaru,-39.501389,-12.408333
Cereus_jamacaru,-40.0835990905762,-13.8575000762939
Cereus_jamacaru,-43.932201385498,-14.7558002471924
Cereus_jamacaru,-35.8950004577637,-9.710280418396
Cereus_jamacaru,-43.463056,-15.709167
Cereus_jamacaru,-41.883333,-9.45
Cereus_jamacaru,-40.807778,-9.390556
Cereus_jamacaru,-40.283333,-9.283333
Cereus_jamacaru,-40.563889,-11.36
Cereus_jamacaru,-43.133333,-11.083333
Cereus_jamacaru,-39.383333,-11.8
Cereus_jamacaru,-41.822778,-11.406111
Cereus_jamacaru,-36.6293983459473,-6.94193983078003
Cereus_jamacaru,-35.375,-5.883333
Cereus_jamacaru,-37.1231002807617,-9.11139011383057
Cereus_jamacaru,-35.9761009216309,-8.28332996368408
Cereus_jamacaru,-35.972778,-7.285556
Cereus_jamacaru,-38.321111,-7.983333
Cereus_jamacaru,-36.3956,-8.3319
Cereus_jamacaru,-36.043056,-8.448056
Cereus_jamacaru,-38.6741981506348,-6.92693996429443
Cereus_jamacaru,-37.3513984680176,-7.26694011688232
Cereus_jamacaru,-35.5400009155273,-6.75500011444092
Cereus_jamacaru,-38.4122009277344,-6.51833009719849
Cereus_jamacaru,-37.6431007385254,-8.08749961853027
Cereus_jamacaru,-35.0182991027832,-8.00222015380859
Cereus_jamacaru,-42.3015,-10.0012
Cereus_jamacaru,-37.083056,-9.9675
Cereus_jamacaru,-41.118889,-13.921667
Cereus_jamacaru,-37.42,-10.103611
Cereus_jamacaru,-40.322806,-8.247861
Cereus_jamacaru,-42.472361,-8.763333
Cereus_jamacaru,-40.558361,-9.328944
Cereus_jamacaru,-42.961111,-14.016389
Cereus_jamacaru,-35.959972,-5.753333
Cereus_jamacaru,-41.860278,-12.752222
Cereus_jamacaru,-40.261111,-14.358611
Cereus_jamacaru,-39.315299987793,-7.21305990219116
Cereus_jamacaru,-37.198299407959,-10.2266998291016
Cereus_jamacaru,-37.684398651123,-9.80500030517578
Cereus_jamacaru,-35.6916999816895,-6.96332979202271
Cereus_jamacaru,-35.8572006225586,-7.02299976348877
Cereus_jamacaru,-35.3325004577637,-7.32860994338989
Cereus_jamacaru,-38,-9.309167
Cereus_jamacaru,-51.1472015380859,-29.7602996826172
Cereus_jamacaru,-50.144401550293,-26.3703002929688
Cereus_jamacaru,-49.67919921875,-28.9260997772217
Cereus_jamacaru,-38.986667,-12.590833
Cereus_jamacaru,-36.370056,-10.373194
Cereus_jamacaru,-48.2771987915039,-18.9186000823975
Cereus_jamacaru,-47.45135,-0.772725
Cereus_jamacaru,-36.107238,-9.049459
Cereus_jamacaru,-41.527467,-2.91277
Cereus_jamacaru,-36.880358,-6.425133
Cereus_jamacaru,-35.785889,-8.195941
Cereus_jamacaru,-38.958064,-6.680332
Cereus_jamacaru,-38.46058,-6.046457
Cereus_jamacaru,-37.045833,-6.165
Cereus_jamacaru,-35.403333,-5.243889
Cereus_jamacaru,-40.079782,-7.087227
Cereus_jamacaru,-37.695362,-4.533525
Cereus_jamacaru,-42.788729,-5.08757
Cereus_jamacaru,-36.824369,-7.210182
Cereus_jamacaru,-37.079944,-6.427974
Cereus_jamacaru,-40.91,-8.8
Cereus_jamacaru,-37.254235,-8.577366
Cereus_jamacaru,-36.287779,-7.490498
Cereus_jamacaru,-39.11205,-6.2837
Cereus_jamacaru,-35.346389,-6.048889
Cereus_jamacaru,-43.376944,-18.297778
Cereus_jamacaru,-37.250833,-6.595833
Cereus_jamacaru,-35.201111,-5.842778
Cereus_jamacaru,-39.258186,-6.39582
Cereus_jamacaru,-36.7396,-9.6701
Cereus_jamacaru,-35.845278,-5.543056
Cereus_jamacaru,-41.010111,-12.453833
Cereus_jamacaru,-37.165833,-6.706389
Cereus_jamacaru,-39.126488,-12.787571
Cereus_jamacaru,-35.305157,-5.70183
Cereus_jamacaru,-38.490322,-6.168536
Cereus_jamacaru,-38.484025,-7.525721
Cereus_jamacaru,-38.399807,-3.848056
Cereus_jamacaru,-38.999299,-11.666527
Cereus_jamacaru,-41.455708,-11.303056
Cereus_jamacaru,-35.639983,-6.830183
Cereus_jamacaru,-35.901983,-6.89075
Cereus_jamacaru,-40.331667,-9.071111
Cereus_jamacaru,-36.72,-9.54
Cereus_jamacaru,-35.396944,-5.375833
Cereus_jamacaru,-35.816389,-5.592222
Cereus_jamacaru,-43.150556,-22.201389
Cereus_jamacaru,-44.385833,-15.502778
Cereus_jamacaru,-41.218056,-11.596389
Cereus_jamacaru,-35.661111,-6.445833
Cereus_jamacaru,-35.523889,-6.513611
Cereus_jamacaru,-39.514722,-12.762778
Cereus_jamacaru,-47.171944,-15.6675
Cereus_jamacaru,-46.561111,-13.834722
Cereus_jamacaru,-35.993611,-8.381111
Cereus_jamacaru,-37.825833,-5.59
Cereus_jamacaru,-37.645278,-10.879722
Cereus_jamacaru,-37.384167,-10.524722
Cereus_jamacaru,-35.94448,-8.45551
Cereus_jamacaru,-38.484364,-7.426159
Cereus_jamacaru,-37.045833,-9.580278
Cereus_jamacaru,-35.639722,-6.12
Cereus_jamacaru,-39.538611,-7.426944
Cereus_jamacaru,-38.608333,-7.1525
Cereus_jamacaru,-39.638889,-7.628056
Cereus_jamacaru,-37.251111,-10.061389
Cereus_jamacaru,-38.57523,-3.740759
Cereus_jamacaru,-35.77344,-8.345517
Cereus_jamacaru,-35.166944,-5.971389
Cereus_jamacaru,-37.893056,-6.085278
Cereus_jamacaru,-38.535278,-7.036944
Cereus_jamacaru,-39.4,-8.480278
Cereus_jamacaru,-39.124722,-8.099722
Cereus_jamacaru,-39.188333,-8.104444
Cereus_jamacaru,-42.565556,-8.771389
Cereus_jamacaru,-39.808333,-7.9625
Cereus_jamacaru,-37.234444,-8.526667
Cereus_jamacaru,-38.597222,-8.995556
Cereus_jamacaru,-38.963056,-8.718333
Cereus_jamacaru,-38.751944,-8.250278
Cereus_jamacaru,-38.981944,-7.690833
Cereus_jamacaru,-39.223056,-8.145833
Cereus_jamacaru,-38.283889,-8.698056
Cereus_jamacaru,-37.355556,-10.0975
Cereus_jamacaru,-38.890833,-7.339722
Cereus_jamacaru,-41.583889,-13.474722
Cereus_jamacaru,-37.224722,-7.990278
Cereus_jamacaru,-38.69,-8.756389
Cereus_jamacaru,-39.078056,-7.925278
Cereus_jamacaru,-37.303889,-8.034444
Cereus_jamacaru,-37.698611,-8.248056
Cereus_jamacaru,-38.22158,-8.96186
Cereus_jamacaru,-41.350278,-9.998333
Melocactus_bahiensis,-36.888889,-7.466389
Melocactus_bahiensis,-36.879167,-8.575
Melocactus_bahiensis,-38.228333,-9.088056
Melocactus_bahiensis,-38.9455986022949,-7.31333017349243
Melocactus_bahiensis,-36.0442008972168,-7.90305995941162
Melocactus_bahiensis,-38.1016998291016,-7.83805990219116
Melocactus_bahiensis,-36.2047004699707,-7.95749998092651
Melocactus_bahiensis,-36.107778,-8.200278
Melocactus_bahiensis,-35.2094,-5.795
Melocactus_bahiensis,-41.9,-13.533333
Melocactus_bahiensis,-41.633333,-13.55
Melocactus_bahiensis,-42.733333,-11.116667
Melocactus_bahiensis,-39.3328018188477,-10.4378004074097
Melocactus_bahiensis,-38.9749984741211,-11.9582996368408
Melocactus_bahiensis,-36.601111,-8.445278
Melocactus_bahiensis,-39.336944,-11.802778
Melocactus_bahiensis,-41.104167,-14.22
Melocactus_bahiensis,-40.484167,-12.309722
Melocactus_bahiensis,-37.216667,-8.566667
Melocactus_bahiensis,-37.409444,-10.030556
Melocactus_bahiensis,-35.8375,-8.334722
Melocactus_bahiensis,-42.538333,-14.350556
Melocactus_bahiensis,-37.1231002807617,-9.11139011383057
Melocactus_bahiensis,-35.9761009216309,-8.28332996368408
Melocactus_bahiensis,-41.833333,-13.633333
Melocactus_bahiensis,-37.7566986083984,-9.62360954284668
Melocactus_bahiensis,-37.8339004516602,-9.50193977355957
Melocactus_bahiensis,-36.059398651123,-8.48972034454346
Melocactus_bahiensis,-38.2983016967773,-7.99194002151489
Melocactus_bahiensis,-37.35261,-10.41367
Melocactus_bahiensis,-42.098056,-15.034722
Melocactus_bahiensis,-41.904444,-15.070278
Melocactus_bahiensis,-35.6916999816895,-6.96332979202271
Melocactus_bahiensis,-35.8572006225586,-7.02299976348877
Melocactus_bahiensis,-36.6389007568359,-6.43556022644043
Melocactus_bahiensis,-37.855928,-7.933425
Melocactus_bahiensis,-42.930278,-16.598611
Melocactus_bahiensis,-39.015821,-9.944929
Melocactus_bahiensis,-36.290956,-8.318133
Melocactus_bahiensis,-35.94448,-8.45551
Melocactus_bahiensis,-39.35,-13.9
Melocactus_bahiensis,-37.305917,-8.460854
Myracrodruon_urundeuva,-39.473,-8.473444
Myracrodruon_urundeuva,-39.037167,-7.875167
Myracrodruon_urundeuva,-41.696722,-3.198611
Myracrodruon_urundeuva,-41.804028,-3.354
Myracrodruon_urundeuva,-41.6441993713379,-3.19082999229431
Myracrodruon_urundeuva,-41.7811012268066,-4.13166999816895
Myracrodruon_urundeuva,-41.8960990905762,-3.41750001907349
Myracrodruon_urundeuva,-41.5574989318848,-3.47194004058838
Myracrodruon_urundeuva,-41.6669006347656,-2.87916994094849
Myracrodruon_urundeuva,-41.7766990661621,-2.90472006797791
Myracrodruon_urundeuva,-41.4668998718262,-7.07694005966187
Myracrodruon_urundeuva,-41.705556,-3.371667
Myracrodruon_urundeuva,-42.067222,-4.854444
Myracrodruon_urundeuva,-42.778611,-6.364722
Myracrodruon_urundeuva,-38.1305999755859,-5.24666976928711
Myracrodruon_urundeuva,-48.1596984863281,-17.7219009399414
Myracrodruon_urundeuva,-43.3560981750488,-4.85889005661011
Myracrodruon_urundeuva,-41.0393981933594,-5.86556005477905
Myracrodruon_urundeuva,-41.3224983215332,-6.94250011444092
Myracrodruon_urundeuva,-42.9444007873535,-8.10999965667725
Myracrodruon_urundeuva,-44.4108009338379,-9.00693988800049
Myracrodruon_urundeuva,-41.817798614502,-4.77111005783081
Myracrodruon_urundeuva,-42.6077995300293,-5.56416988372803
Myracrodruon_urundeuva,-41.3431015014648,-6.81666994094849
Myracrodruon_urundeuva,-41.4752998352051,-6.87166976928711
Myracrodruon_urundeuva,-42.6994018554688,-9.01527976989746
Myracrodruon_urundeuva,-41.7332992553711,-4.91388988494873
Myracrodruon_urundeuva,-42.8018989562988,-5.08916997909546
Myracrodruon_urundeuva,-37.3442001342773,-5.1875
Myracrodruon_urundeuva,-43.1389,-9.48333
Myracrodruon_urundeuva,-41.953611,-13.331111
Myracrodruon_urundeuva,-42.299722,-9.423333
Myracrodruon_urundeuva,-47.720969,-23.385875
Myracrodruon_urundeuva,-39.175,-12.731389
Myracrodruon_urundeuva,-48.151389,-13.393889
Myracrodruon_urundeuva,-46.752778,-13.656667
Myracrodruon_urundeuva,-46.498056,-18.978611
Myracrodruon_urundeuva,-48.191389,-20.618333
Myracrodruon_urundeuva,-41.483333,-14.166667
Myracrodruon_urundeuva,-49.516667,-19.916667
Myracrodruon_urundeuva,-40.9211006164551,-3.85443997383118
Myracrodruon_urundeuva,-51.926399230957,-18.9652996063232
Myracrodruon_urundeuva,-56.0966987609863,-15.5960998535156
Myracrodruon_urundeuva,-43.937801361084,-19.9207992553711
Myracrodruon_urundeuva,-48.1199989318848,-22.2800006866455
Myracrodruon_urundeuva,-51.2000007629395,-21.0200004577637
Myracrodruon_urundeuva,-51.3400001525879,-20.4300003051758
Myracrodruon_urundeuva,-48.3199996948242,-21.25
Myracrodruon_urundeuva,-50.189998626709,-20.1399993896484
Myracrodruon_urundeuva,-47.4700012207031,-20.25
Myracrodruon_urundeuva,-47.4199981689453,-21.9899997711182
Myracrodruon_urundeuva,-49.5699996948242,-21.4599990844727
Myracrodruon_urundeuva,-51.0247001647949,-20.5013999938965
Myracrodruon_urundeuva,-49.6399993896484,-20.6200008392334
Myracrodruon_urundeuva,-37.4202995300293,-10.2182998657227
Myracrodruon_urundeuva,-38.228056,-6.759444
Myracrodruon_urundeuva,-36.823333,-7.888889
Myracrodruon_urundeuva,-35.741755,-6.971994
Myracrodruon_urundeuva,-36.879722,-7.480278
Myracrodruon_urundeuva,-36.272222,-7.390833
Myracrodruon_urundeuva,-35.482493,-6.817508
Myracrodruon_urundeuva,-36.489444,-7.246944
Myracrodruon_urundeuva,-37.376111,-7.251944
Myracrodruon_urundeuva,-36.629167,-6.941944
Myracrodruon_urundeuva,-38.31608,-6.830256
Myracrodruon_urundeuva,-38.455278,-6.988056
Myracrodruon_urundeuva,-41.533333,-13.85
Myracrodruon_urundeuva,-35.81894,-6.659963
Myracrodruon_urundeuva,-35.685005,-7.019993
Myracrodruon_urundeuva,-35.999999,-6.83999
Myracrodruon_urundeuva,-36.179996,-6.479963
Myracrodruon_urundeuva,-35.504984,-6.750016
Myracrodruon_urundeuva,-38.7192001342773,-6.78972005844116
Myracrodruon_urundeuva,-37.92919921875,-7.19806003570557
Myracrodruon_urundeuva,-37.801700592041,-6.77027988433838
Myracrodruon_urundeuva,-37.4453010559082,-7.03888988494873
Myracrodruon_urundeuva,-38.1622009277344,-6.94055986404419
Myracrodruon_urundeuva,-37.3258018493652,-6.84721994400024
Myracrodruon_urundeuva,-38.5018997192383,-7.12056016921997
Myracrodruon_urundeuva,-36.4021987915039,-6.93416976928711
Myracrodruon_urundeuva,-36.8800010681152,-7.67166996002197
Myracrodruon_urundeuva,-36.5327987670898,-7.39083003997803
Myracrodruon_urundeuva,-36.0271987915039,-7.42027997970581
Myracrodruon_urundeuva,-37.987222,-9.698889
Myracrodruon_urundeuva,-35.922222,-8.238333
Myracrodruon_urundeuva,-34.950278,-8.012778
Myracrodruon_urundeuva,-36.092944,-8.587083
Myracrodruon_urundeuva,-41.005,-8.515278
Myracrodruon_urundeuva,-38.219444,-7.931111
Myracrodruon_urundeuva,-37.3575,-7.610833
Myracrodruon_urundeuva,-37.414722,-7.621667
Myracrodruon_urundeuva,-37.94580078125,-7.01444005966187
Myracrodruon_urundeuva,-37.1557998657227,-8.62306022644043
Myracrodruon_urundeuva,-37.6431007385254,-8.08749961853027
Myracrodruon_urundeuva,-36.059398651123,-8.48972034454346
Myracrodruon_urundeuva,-42.0814018249512,-9.62166976928711
Myracrodruon_urundeuva,-37.7893981933594,-9.65999984741211
Myracrodruon_urundeuva,-41.1561012268066,-11.5500001907349
Myracrodruon_urundeuva,-43.6927777,-22.7663889
Myracrodruon_urundeuva,-49.283714,-25.448858
Myracrodruon_urundeuva,-40.428889,-17.952778
Myracrodruon_urundeuva,-42.5475,-14.687778
Myracrodruon_urundeuva,-57.435833,-18.263611
Myracrodruon_urundeuva,-41.6652984619141,-14.2035999298096
Myracrodruon_urundeuva,-47.0503005981445,-14.4485998153687
Myracrodruon_urundeuva,-41.0410995483398,-13.7628002166748
Myracrodruon_urundeuva,-43.7106018066406,-16.3243999481201
Myracrodruon_urundeuva,-47.85,-15.866667
Myracrodruon_urundeuva,-47.5625,-15.4375
Myracrodruon_urundeuva,-47.178889,-16.187222
Myracrodruon_urundeuva,-50.904722,-20.224722
Myracrodruon_urundeuva,-43.8419444,-16.6836111
Myracrodruon_urundeuva,-43.8616981506348,-16.7350006103516
Myracrodruon_urundeuva,-47.75,-15.533333
Myracrodruon_urundeuva,-45.649722,-20.387222
Myracrodruon_urundeuva,-43.089167,-9.483611
Myracrodruon_urundeuva,-39.766667,-12.7
Myracrodruon_urundeuva,-57.6789016723633,-16.0706005096436
Myracrodruon_urundeuva,-49.2900009155273,-20.6000003814697
Myracrodruon_urundeuva,-43.8897018432617,-19.6271991729736
Myracrodruon_urundeuva,-44.3897018432617,-19.4911003112793
Myracrodruon_urundeuva,-46.792222,-13.212777
Myracrodruon_urundeuva,-46.66667,-14
Myracrodruon_urundeuva,-47.88,-7.56
Myracrodruon_urundeuva,-48.6,-18.18
Myracrodruon_urundeuva,-48.966666,-14.433333
Myracrodruon_urundeuva,-41.5,-13.5
Myracrodruon_urundeuva,-46.48667,-14.06722
Myracrodruon_urundeuva,-48.797222,-14.30722
Myracrodruon_urundeuva,-48.254166,-12.7475
Myracrodruon_urundeuva,-48.215,-13.163888
Myracrodruon_urundeuva,-48.204722,-12.774444
Myracrodruon_urundeuva,-48.173888,-12.942777
Myracrodruon_urundeuva,-47.486666,-7.2952777
Myracrodruon_urundeuva,-47.741111,-7.2052777
Myracrodruon_urundeuva,-47.32472,-16.22028
Myracrodruon_urundeuva,-48.178333,-16.236388
Myracrodruon_urundeuva,-47.57,-12.86556
Myracrodruon_urundeuva,-48.525555,-17.769166
Myracrodruon_urundeuva,-49.3386001586914,-14.1955995559692
Myracrodruon_urundeuva,-48.625,-17.74169921875
Myracrodruon_urundeuva,-46.7717018127441,-13.0367002487183
Myracrodruon_urundeuva,-47.9502983093262,-16.2525005340576
Myracrodruon_urundeuva,-49.0993995666504,-17.7311000823975
Myracrodruon_urundeuva,-46.3694000244141,-14.0930995941162
Myracrodruon_urundeuva,-46.3182983398438,-13.3983001708984
Myracrodruon_urundeuva,-45.3438987731934,-9.83166980743408
Myracrodruon_urundeuva,-48.901072,-21.220292
Myracrodruon_urundeuva,-46.9422,-22.3722
Myracrodruon_urundeuva,-50.057667,-20.4575
Myracrodruon_urundeuva,-49.3163889,-20.7080556
Myracrodruon_urundeuva,-47.855036,-21.167567
Myracrodruon_urundeuva,-47.300531,-21.275944
Myracrodruon_urundeuva,-47.335422,-21.096792
Myracrodruon_urundeuva,-40.4986000061035,-9.41166973114014
Myracrodruon_urundeuva,-40.0816993713379,-7.88250017166138
Myracrodruon_urundeuva,-49.3925,-21.860278
Myracrodruon_urundeuva,-43.869444,-9.486111
Myracrodruon_urundeuva,-43.011100769043,-9.51556015014648
Myracrodruon_urundeuva,-41.5924987792969,-13.5166997909546
Myracrodruon_urundeuva,-39.1192016601562,-8.07417011260986
Myracrodruon_urundeuva,-49.3800010681152,-20.0300006866455
Myracrodruon_urundeuva,-49.4217,-17.6745
Myracrodruon_urundeuva,-52.666667,-16.45
Myracrodruon_urundeuva,-45,-13
Myracrodruon_urundeuva,-45.00175,-11.699983
Myracrodruon_urundeuva,-43.920017,-8.944347
Myracrodruon_urundeuva,-45.666667,-7.383333
Myracrodruon_urundeuva,-46.44,-6.119722
Myracrodruon_urundeuva,-44.640439,-5.400165
Myracrodruon_urundeuva,-47.969722,-15.406667
Myracrodruon_urundeuva,-50.833333,-17.25
Myracrodruon_urundeuva,-47.217611,-13.593194
Myracrodruon_urundeuva,-47.470833,-13.581944
Myracrodruon_urundeuva,-47.316667,-16.05
Myracrodruon_urundeuva,-48.166667,-15.516667
Myracrodruon_urundeuva,-49.055278,-15.853889
Myracrodruon_urundeuva,-46.539722,-13.673056
Myracrodruon_urundeuva,-48.2839,-15.1603
Myracrodruon_urundeuva,-43.530556,-6.832222
Myracrodruon_urundeuva,-45.970533,-15.774617
Myracrodruon_urundeuva,-47.735556,-21.198611
Myracrodruon_urundeuva,-51.441389,-16.362222
Myracrodruon_urundeuva,-47.958639,-15.512472
Myracrodruon_urundeuva,-35.698389,-7.109639
Myracrodruon_urundeuva,-50.078056,-17.728333
Myracrodruon_urundeuva,-50.1004,-17.7861
Myracrodruon_urundeuva,-50.0532,-17.4044
Myracrodruon_urundeuva,-49.856,-17.3777
Myracrodruon_urundeuva,-49.060833,-17.822778
Myracrodruon_urundeuva,-47.45,-15.033333
Myracrodruon_urundeuva,-44.460012999999996,-9.899999
Myracrodruon_urundeuva,-43.920006,-5.219747
Myracrodruon_urundeuva,-46.439997,-5.58
Myracrodruon_urundeuva,-44.28,-11.879994
Myracrodruon_urundeuva,-37.25,-6.6
Myracrodruon_urundeuva,-57.600278,-13.319444
Myracrodruon_urundeuva,-43.019819,-5.220172
Myracrodruon_urundeuva,-43.92,-11.52
Myracrodruon_urundeuva,-53.28,-16.02
Myracrodruon_urundeuva,-43.919971,-4.860004
Myracrodruon_urundeuva,-56.52,-15.84
Myracrodruon_urundeuva,-43.38,-11.52
Myracrodruon_urundeuva,-54.18,-16.74
Myracrodruon_urundeuva,-46.98,-5.58
Myracrodruon_urundeuva,-45,-12.420008
Myracrodruon_urundeuva,-43.919999,-4.320009
Myracrodruon_urundeuva,-44.459722,-11.34
Myracrodruon_urundeuva,-43.019984,-4.320027
Myracrodruon_urundeuva,-54.36,-14.58
Myracrodruon_urundeuva,-53.099722,-16.38
Myracrodruon_urundeuva,-54.54,-16.38
Myracrodruon_urundeuva,-43.199958,-4.320024
Myracrodruon_urundeuva,-43.740012,-4.679986
Myracrodruon_urundeuva,-56.52,-14.399722
Myracrodruon_urundeuva,-43.909722,-10.986111
Myracrodruon_urundeuva,-44.820092,-5.580676
Myracrodruon_urundeuva,-43.920027,-4.679971
Myracrodruon_urundeuva,-53.1,-17.099722
Myracrodruon_urundeuva,-44.999722,-11.159722
Myracrodruon_urundeuva,-54.54,-16.74
Myracrodruon_urundeuva,-46.980004,-6.300001
Myracrodruon_urundeuva,-43.200011,-4.860003
Myracrodruon_urundeuva,-43.920028,-7.02
Myracrodruon_urundeuva,-47.915833,-15.631667
Myracrodruon_urundeuva,-52.74,-16.56
Myracrodruon_urundeuva,-53.999722,-16.56
Myracrodruon_urundeuva,-43.919794,-11.574256
Myracrodruon_urundeuva,-47.739167,-15.813056
Myracrodruon_urundeuva,-43.352222,-12.419722
Myracrodruon_urundeuva,-45.18,-10.44
Myracrodruon_urundeuva,-44.46,-10.799994
Myracrodruon_urundeuva,-46.44,-5.939722
Myracrodruon_urundeuva,-54.72,-15.66
Myracrodruon_urundeuva,-43.559989,-4.45497
Myracrodruon_urundeuva,-48.005833,-15.558333
Myracrodruon_urundeuva,-44.100193,-5.759122
Myracrodruon_urundeuva,-46.878056,-16.349167
Myracrodruon_urundeuva,-42.299999,-3.420007
Myracrodruon_urundeuva,-43.380007,-3.780006
Myracrodruon_urundeuva,-47.4583015441895,-13.7974996566772
Myracrodruon_urundeuva,-49.3875007629395,-14.2877998352051
Myracrodruon_urundeuva,-53.2052993774414,-17.3255996704102
Myracrodruon_urundeuva,-41.5032997131348,-16.5617008209229
Myracrodruon_urundeuva,-49.060001373291,-22.3099994659424
Myracrodruon_urundeuva,-48.4700012207031,-20.9400005340576
Myracrodruon_urundeuva,-49.4900016784668,-21.0100002288818
Myracrodruon_urundeuva,-49.3699989318848,-20.8199996948242
Myracrodruon_urundeuva,-46.6300010681152,-23.5400009155273
Myracrodruon_urundeuva,-46.5217,-13.8169
Myracrodruon_urundeuva,-49.0486,-15.7481
Myracrodruon_urundeuva,-36.8792,-8.575
Myracrodruon_urundeuva,-45.9031,-15.3917
Myracrodruon_urundeuva,-46.0317,-18.3781
Myracrodruon_urundeuva,-46.33,-14.25
Myracrodruon_urundeuva,-48.99336,-15.82275
Myracrodruon_urundeuva,-48.97,-14.63
Myracrodruon_urundeuva,-43.0281,-15.7433
Myracrodruon_urundeuva,-56.7364,-21.1119
Myracrodruon_urundeuva,-48.53,-17.72
Myracrodruon_urundeuva,-43.22,-12.78
Myracrodruon_urundeuva,-36.3708,-8.1458
Myracrodruon_urundeuva,-47.4619,-20.2042
Myracrodruon_urundeuva,-40.0833,-13.8578
Myracrodruon_urundeuva,-51.9889,-18.4406
Myracrodruon_urundeuva,-49.465,-18.9692
Myracrodruon_urundeuva,-43.41,-13.25
Myracrodruon_urundeuva,-47.47,-15.52
Myracrodruon_urundeuva,-44.6153,-14.2325
Myracrodruon_urundeuva,-57.6531,-19.0094
Myracrodruon_urundeuva,-47.4508,-6.5608
Myracrodruon_urundeuva,-40.2928,-6.0033
Myracrodruon_urundeuva,-46.4919,-14.4808
Myracrodruon_urundeuva,-56.83,-19.17
Myracrodruon_urundeuva,-45.07,-7.22
Myracrodruon_urundeuva,-48.2169,-13.3836
Myracrodruon_urundeuva,-46.02,-16.82
Myracrodruon_urundeuva,-44.05,-12.95
Myracrodruon_urundeuva,-42.4539,-12.3658
Myracrodruon_urundeuva,-48.407778,-22.931389
Myracrodruon_urundeuva,-48.9799995422363,-22.4599990844727
Myracrodruon_urundeuva,-40.9707984924316,-9.16193962097168
Myracrodruon_urundeuva,-38.9558,-12.6183
Myracrodruon_urundeuva,-42.316667,-9.616667
Myracrodruon_urundeuva,-39.4817,-9.84139
Myracrodruon_urundeuva,-42.5388984680176,-21.7705993652344
Myracrodruon_urundeuva,-53.1919444,-19.0297223
Myracrodruon_urundeuva,-57.5677778,-21.6583333
Myracrodruon_urundeuva,-56.3782997131348,-20.2406005859375
Myracrodruon_urundeuva,-55.288083,-10.295472
Myracrodruon_urundeuva,-41.1128005981445,-20.8488998413086
Myracrodruon_urundeuva,-36.36,-7.057222
Myracrodruon_urundeuva,-38.818444,-4.245167
Myracrodruon_urundeuva,-37.818528,-5.203222
Myracrodruon_urundeuva,-40.168139,-6.601
Myracrodruon_urundeuva,-40.166667,-6.65
Myracrodruon_urundeuva,-40.316667,-6.734306
Myracrodruon_urundeuva,-41.623611,-13.651111
Myracrodruon_urundeuva,-38.634361,-4.233722
Myracrodruon_urundeuva,-40.069406,-5.409122
Myracrodruon_urundeuva,-38.992083,-4.254444
Myracrodruon_urundeuva,-40.6725,-6.042778
Myracrodruon_urundeuva,-39.159139,-6.369111
Myracrodruon_urundeuva,-39.340111,-3.815611
Myracrodruon_urundeuva,-38.975167,-4.814639
Myracrodruon_urundeuva,-40.840944,-5.201861
Myracrodruon_urundeuva,-38.7083015441895,-4.22417020797729
Myracrodruon_urundeuva,-38.9014015197754,-4.46999979019165
Myracrodruon_urundeuva,-39.1925010681152,-4.23222017288208
Myracrodruon_urundeuva,-38.6530990600586,-3.73610997200012
Myracrodruon_urundeuva,-38.543098449707,-3.71722006797791
Myracrodruon_urundeuva,-40.8163986206055,-3.75999999046326
Myracrodruon_urundeuva,-38.6371994018555,-4.03972005844116
Myracrodruon_urundeuva,-40.3086013793945,-5.39638996124268
Myracrodruon_urundeuva,-39.315299987793,-7.21305990219116
Myracrodruon_urundeuva,-38.6856002807617,-3.89083003997803
Myracrodruon_urundeuva,-40.4550018310547,-3.54167008399963
Myracrodruon_urundeuva,-38.372501373291,-5.10666990280151
Myracrodruon_urundeuva,-40.6944007873535,-6.21111011505127
Myracrodruon_urundeuva,-40.3497009277344,-3.68611001968384
Myracrodruon_urundeuva,-39.437198638916,-3.58083009719849
Myracrodruon_urundeuva,-43.0224990844727,-6.76694011688232
Myracrodruon_urundeuva,-37.61669921875,-5.07999992370605
Myracrodruon_urundeuva,-55.91833,-20.19556
Myracrodruon_urundeuva,-56.72778,-20.73472
Myracrodruon_urundeuva,-37.9056,-6.21278
Myracrodruon_urundeuva,-39.2986,-6.35944
Myracrodruon_urundeuva,-36.833333,-6.116667
Myracrodruon_urundeuva,-39.383333,-6.318889
Myracrodruon_urundeuva,-37.458333,-5.083333
Myracrodruon_urundeuva,-37.761111,-6.208333
Myracrodruon_urundeuva,-37.4125,-5.051667
Myracrodruon_urundeuva,-43.6744003295898,-15.3382997512817
Myracrodruon_urundeuva,-43.9219017028809,-14.854700088501
Myracrodruon_urundeuva,-50.1213989257812,-18.8386001586914
Myracrodruon_urundeuva,-45.24169921875,-18.2063999176025
Myracrodruon_urundeuva,-37.2541999816895,-7.22278022766113
Myracrodruon_urundeuva,-43.3300018310547,-9.27861022949219
Myracrodruon_urundeuva,-47.7000007629395,-20.1900005340576
Myracrodruon_urundeuva,-38.167833,-9.255422
Myracrodruon_urundeuva,-35.745028,-9.543606
Myracrodruon_urundeuva,-37.510808,-10.57425
Myracrodruon_urundeuva,-37.451719,-9.749378
Myracrodruon_urundeuva,-37.700997,-9.807414
Myracrodruon_urundeuva,-37.377564,-9.230869
Myracrodruon_urundeuva,-37.275758,-9.919739
Myracrodruon_urundeuva,-37.998675,-9.403361
Myracrodruon_urundeuva,-40.875301361084,-19.8738994598389
Myracrodruon_urundeuva,-41.0638999938965,-19.4958000183105
Myracrodruon_urundeuva,-44.4042015075684,-19.2744007110596
Myracrodruon_urundeuva,-45.1411018371582,-7.08444023132324
Myracrodruon_urundeuva,-49.486400604248,-19.5356006622314
Myracrodruon_urundeuva,-55.7872009277344,-20.4710998535156
Myracrodruon_urundeuva,-43.8513984680176,-19.7696990966797
Myracrodruon_urundeuva,-50.3199996948242,-21.6700000762939
Myracrodruon_urundeuva,-43.751389,-14.211389
Myracrodruon_urundeuva,-43.4,-9.503611
Myracrodruon_urundeuva,-43.805864,-18.929663
Myracrodruon_urundeuva,-43.711389,-10.782778
Myracrodruon_urundeuva,-44,-17.5
Myracrodruon_urundeuva,-36.600278,-6.403333
Myracrodruon_urundeuva,-40.633333,-9.033333
Myracrodruon_urundeuva,-49.05,-14.716667
Myracrodruon_urundeuva,-42.225361,-9.655694
Myracrodruon_urundeuva,-43.964722,-19.466389
Myracrodruon_urundeuva,-47.116667,-15.35
Myracrodruon_urundeuva,-43.778669,-19.009777
Myracrodruon_urundeuva,-38.412931,-8.475639
Myracrodruon_urundeuva,-40.120833,-6.600278
Myracrodruon_urundeuva,-44.183333,-18.283333
Myracrodruon_urundeuva,-48.266667,-14
Myracrodruon_urundeuva,-37.112797,-7.846683
Myracrodruon_urundeuva,-38.413944,-7.819056
Myracrodruon_urundeuva,-42.85,-16.6
Myracrodruon_urundeuva,-41.2966995239258,-13.8133001327515
Myracrodruon_urundeuva,-47.334400177002,-15.5371999740601
Myracrodruon_urundeuva,-49.2538986206055,-16.6786003112793
Myracrodruon_urundeuva,-46.1130981445312,-14.4877996444702
Myracrodruon_urundeuva,-52.4221992492676,-21.7141990661621
Myracrodruon_urundeuva,-45.5393981933594,-20.2819004058838
Myracrodruon_urundeuva,-42.182201385498,-16.6189002990723
Myracrodruon_urundeuva,-44.4308013916016,-18.7563991546631
Myracrodruon_urundeuva,-44.0814018249512,-19.5578002929688
Myracrodruon_urundeuva,-43.7144012451172,-19.1688995361328
Myracrodruon_urundeuva,-43.9233016967773,-19.6919002532959
Myracrodruon_urundeuva,-38.1016998291016,-7.83805990219116
Myracrodruon_urundeuva,-42.1685981750488,-4.82777976989746
Myracrodruon_urundeuva,-47.060001373291,-22.8999996185303
Myracrodruon_urundeuva,-41.875556,-11.248056
Myracrodruon_urundeuva,-41.809722,-13.779722
Myracrodruon_urundeuva,-41.25,-11.916667
Myracrodruon_urundeuva,-41.942778,-11.165
Myracrodruon_urundeuva,-42.553889,-8.834167
Myracrodruon_urundeuva,-41.713889,-4.099722
Myracrodruon_urundeuva,-42.2,-11.283333
Myracrodruon_urundeuva,-44.32,-13.586111
Myracrodruon_urundeuva,-40.122222,-13.890833
Myracrodruon_urundeuva,-42.266667,-13.316667
Myracrodruon_urundeuva,-39.183889,-12.161667
Myracrodruon_urundeuva,-42.7025,-11.896667
Myracrodruon_urundeuva,-43.485,-9.221389
Myracrodruon_urundeuva,-44.197778,-14.234722
Myracrodruon_urundeuva,-40.330833,-9.333333
Myracrodruon_urundeuva,-45.096389,-12.517222
Myracrodruon_urundeuva,-44.553611,-14.3875
Myracrodruon_urundeuva,-39.373056,-8.703611
Myracrodruon_urundeuva,-41.510833,-16.485278
Myracrodruon_urundeuva,-38.336389,-9.139444
Myracrodruon_urundeuva,-40.894167,-9.530833
Myracrodruon_urundeuva,-42.650833,-14.765278
Myracrodruon_urundeuva,-38.854444,-8.854444
Myracrodruon_urundeuva,-38.958333,-8.861389
Myracrodruon_urundeuva,-39.565278,-9.145833
Myracrodruon_urundeuva,-39.811944,-9.038889
Myracrodruon_urundeuva,-42.237222,-10.423056
Myracrodruon_urundeuva,-43.363889,-9.185
Myracrodruon_urundeuva,-40.571389,-13.243611
Myracrodruon_urundeuva,-39.796389,-12.744167
Myracrodruon_urundeuva,-39.83,-12.822778
Myracrodruon_urundeuva,-37.556667,-5.7925
Myracrodruon_urundeuva,-38.016389,-6.428056
Myracrodruon_urundeuva,-41.619444,-13.468333
Myracrodruon_urundeuva,-42.110556,-16.905278
Myracrodruon_urundeuva,-39.015,-4.970556
Myracrodruon_urundeuva,-41.092222,-11.265
Myracrodruon_urundeuva,-39.366944,-11.8125
Myracrodruon_urundeuva,-39.163889,-8.120833
Myracrodruon_urundeuva,-39.7,-12.716667
Myracrodruon_urundeuva,-42.527778,-11.743056
Myracrodruon_urundeuva,-45.585556,-20.328056
Myracrodruon_urundeuva,-38.645,-7.090556
Myracrodruon_urundeuva,-40.319722,-9.046944
Myracrodruon_urundeuva,-38.384167,-7.968056
Myracrodruon_urundeuva,-41.432778,-11.012778
Myracrodruon_urundeuva,-48.333333,-10.8
Myracrodruon_urundeuva,-39.85,-12.883333
Myracrodruon_urundeuva,-41.009167,-12.455278
Myracrodruon_urundeuva,-47.186389,-15.349167
Myracrodruon_urundeuva,-46.636944,-11.784167
Myracrodruon_urundeuva,-43.756944,-14.881389
Myracrodruon_urundeuva,-41.461667,-11.733889
Myracrodruon_urundeuva,-44.037778,-19.428333
Myracrodruon_urundeuva,-44.103056,-19.437778
Myracrodruon_urundeuva,-38.875278,-11.711667
Myracrodruon_urundeuva,-44.157222,-14.425
Myracrodruon_urundeuva,-42.706944,-13.001389
Myracrodruon_urundeuva,-42.517222,-13.060833
Myracrodruon_urundeuva,-42.529722,-14.225
Myracrodruon_urundeuva,-39.115833,-12.132222
Myracrodruon_urundeuva,-44.903889,-11.771667
Myracrodruon_urundeuva,-42.551111,-13.9475
Myracrodruon_urundeuva,-41.912778,-9.485556
Myracrodruon_urundeuva,-41.950278,-13.533611
Myracrodruon_urundeuva,-41.75,-13.433333
Myracrodruon_urundeuva,-41.149444,-9.410556
Myracrodruon_urundeuva,-40.419722,-13.258889
Myracrodruon_urundeuva,-39.871944,-10.665
Myracrodruon_urundeuva,-37.508889,-9.723333
Myracrodruon_urundeuva,-44.645833,-13.345
Myracrodruon_urundeuva,-47.866667,-15.583333
Myracrodruon_urundeuva,-40.592222,-7.470833
Myracrodruon_urundeuva,-38.9667015075684,-12.2666997909546
Myracrodruon_urundeuva,-40.5182991027832,-11.1806001663208
Myracrodruon_urundeuva,-40.6775016784668,-5.1783299446106
Myracrodruon_urundeuva,-43.932201385498,-14.7558002471924
Myracrodruon_urundeuva,-38.0341987609863,-8.27472019195557
Myracrodruon_urundeuva,-44.0825,-18.644444
Myracrodruon_urundeuva,-44.262471,-9.12336
Myracrodruon_urundeuva,-42.256111,-17.081111
Myracrodruon_urundeuva,-42.061111,-16.862222
Myracrodruon_urundeuva,-40.5375,-13.275
Myracrodruon_urundeuva,-41.124967,-13.966356
Myracrodruon_urundeuva,-42.194444,-13.919722
Myracrodruon_urundeuva,-41.625,-13.938889
Myracrodruon_urundeuva,-46.6875,-14.584722
Myracrodruon_urundeuva,-43.116667,-16.033333
Myracrodruon_urundeuva,-57.6016998291016,-19.0046997070312
Myracrodruon_urundeuva,-55.9674987792969,-16.1944007873535
Myracrodruon_urundeuva,-54.8055992126465,-22.2210998535156
Myracrodruon_urundeuva,-46.8199996948242,-22.4300003051758
Myracrodruon_urundeuva,-47.6399993896484,-22.7199993133545
Myracrodruon_urundeuva,-47.6199989318848,-22.2199993133545
Myracrodruon_urundeuva,-47.560001373291,-22.4099998474121
Myracrodruon_urundeuva,-59.3353004455566,-15.2260999679565
Myracrodruon_urundeuva,-47.8800010681152,-20.7199993133545
Myracrodruon_urundeuva,-36.399889,-6.722861
Myracrodruon_urundeuva,-37.237528,-7.069722
Myracrodruon_urundeuva,-37.934972,-6.617167
Myracrodruon_urundeuva,-36.033333,-6.45
Myracrodruon_urundeuva,-37.260556,-6.896389
Myracrodruon_urundeuva,-36.095833,-6.836111
Myracrodruon_urundeuva,-38.463056,-6.89
Myracrodruon_urundeuva,-37.309444,-6.976111
Myracrodruon_urundeuva,-37.098056,-7.296944
Myracrodruon_urundeuva,-38.252778,-7.406667
Myracrodruon_urundeuva,-37.4485,-6.474667
Myracrodruon_urundeuva,-37.383333,-7
Myracrodruon_urundeuva,-37.283056,-7.029222
Myracrodruon_urundeuva,-37.173356,-7.610475
Myracrodruon_urundeuva,-39.908333,-7.177306
Myracrodruon_urundeuva,-38.0421981811523,-7.47972011566162
Myracrodruon_urundeuva,-36.1349983215332,-7.48166990280151
Myracrodruon_urundeuva,-37.6088981628418,-7.12555980682373
Myracrodruon_urundeuva,-37.521900177002,-6.90443992614746
Myracrodruon_urundeuva,-36.0611000061035,-7.07667016983032
Myracrodruon_urundeuva,-38.911833,-7.299917
Myracrodruon_urundeuva,-37.27525,-7.509694
Myracrodruon_urundeuva,-39.204722,-7.275556
Myracrodruon_urundeuva,-37.275264,-7.580753
Myracrodruon_urundeuva,-36.083333,-6.516667
Myracrodruon_urundeuva,-50.9338989257812,-28.5121994018555
Myracrodruon_urundeuva,-49.987556,-19.473278
Myracrodruon_urundeuva,-44.562778,-17.093056
Myracrodruon_urundeuva,-44.242778,-15.123056
Myracrodruon_urundeuva,-46.0093994140625,-17.0097007751465
Myracrodruon_urundeuva,-42.8622016906738,-16.8003005981445
Myracrodruon_urundeuva,-41.1702995300293,-19.3941993713379
Myracrodruon_urundeuva,-42.5903015136719,-17.218599319458
Myracrodruon_urundeuva,-47.6747016906738,-19.1525001525879
Myracrodruon_urundeuva,-44.9352989196777,-19.2243995666504
Myracrodruon_urundeuva,-42.7299995422363,-17.2856006622314
Myracrodruon_urundeuva,-39.491806,-7.527
Myracrodruon_urundeuva,-39.875,-6.87444019317627
Myracrodruon_urundeuva,-39.30419921875,-7.31111001968384
Myracrodruon_urundeuva,-39.062198638916,-6.60666990280151
Myracrodruon_urundeuva,-39.4094009399414,-7.23416996002197
Myracrodruon_urundeuva,-39.6805992126465,-7.09167003631592
Myracrodruon_urundeuva,-39.5511016845703,-7.63082981109619
Myracrodruon_urundeuva,-47.5913889,-15.5905555
Myracrodruon_urundeuva,-45.06666,-7.38333
Myracrodruon_urundeuva,-53.864167,-18.163056
Myracrodruon_urundeuva,-47.004444,-14.47075
Myracrodruon_urundeuva,-47.7025,-18.041389
Myracrodruon_urundeuva,-48.133611,-18.006111
Myracrodruon_urundeuva,-49.1175003051758,-15.3175001144409
Myracrodruon_urundeuva,-48.2071990966797,-7.19111013412476
Myracrodruon_urundeuva,-50.2150001525879,-16.1266994476318
Myracrodruon_urundeuva,-41.3244445,-21.7541667
Myracrodruon_urundeuva,-35.843889,-8.381944
Myracrodruon_urundeuva,-38.726389,-8.054444
Myracrodruon_urundeuva,-37.843056,-9.6075
Myracrodruon_urundeuva,-36.444167,-8.137778
Myracrodruon_urundeuva,-38.1492004394531,-9.10527992248535
Myracrodruon_urundeuva,-36.7757987976074,-8.46638965606689
Myracrodruon_urundeuva,-36.2400016784668,-7.25943994522095
Myracrodruon_urundeuva,-57.205306,-15.642861
Myracrodruon_urundeuva,-58.010694,-16.145556
Myracrodruon_urundeuva,-58.291389,-16.368056
Myracrodruon_urundeuva,-52.5511016845703,-17.5694007873535
Myracrodruon_urundeuva,-48.237222,-10.422778
Myracrodruon_urundeuva,-41.040556,-14.940278
Myracrodruon_urundeuva,-39.428333,-12.765556
Myracrodruon_urundeuva,-39.1,-11.983333
Myracrodruon_urundeuva,-39.3328018188477,-10.4378004074097
Myracrodruon_urundeuva,-41.219722,-14.939722
Myracrodruon_urundeuva,-44.020328,-15.269542
Myracrodruon_urundeuva,-40.849889,-15.384556
Myracrodruon_urundeuva,-44.4564018249512,-18.3808002471924
Myracrodruon_urundeuva,-44.3616981506348,-15.4881000518799
Myracrodruon_urundeuva,-44.45775,-15.527833
Myracrodruon_urundeuva,-56.489200592041,-15.2356004714966
Myracrodruon_urundeuva,-44.0918998718262,-15.1021995544434
Myracrodruon_urundeuva,-44.015167,-19.477194
Myracrodruon_urundeuva,-47.663601,-20.6506
Myracrodruon_urundeuva,-49.1297,-20.4694
Myracrodruon_urundeuva,-49.021099,-21.0264
Myracrodruon_urundeuva,-49.610001,-21.3375
Myracrodruon_urundeuva,-47.792499,-20.7444
Myracrodruon_urundeuva,-50.9631,-20.8571
Myracrodruon_urundeuva,-50.055199,-21.076599
Myracrodruon_urundeuva,-49.819801,-21.457399
Myracrodruon_urundeuva,-50.088299,-20.5133
Myracrodruon_urundeuva,-49.413899,-20.881701
Myracrodruon_urundeuva,-48.467201,-22.021601
Myracrodruon_urundeuva,-48.182701,-22.100599
Myracrodruon_urundeuva,-48.1408,-22.077801
Myracrodruon_urundeuva,-47.404201,-20.098301
Myracrodruon_urundeuva,-47.397202,-20.239401
Myracrodruon_urundeuva,-47.3069,-20.182199
Myracrodruon_urundeuva,-48.764801,-20.258101
Myracrodruon_urundeuva,-48.9603,-20.6369
Myracrodruon_urundeuva,-49.2467,-20.552799
Myracrodruon_urundeuva,-47.780102,-21.1637
Myracrodruon_urundeuva,-47.940498,-21.3424
Myracrodruon_urundeuva,-47.7477,-21.123301
Myracrodruon_urundeuva,-47.670601,-21.132099
Myracrodruon_urundeuva,-47.789501,-21.0653
Myracrodruon_urundeuva,-49.607399,-21.055599
Myracrodruon_urundeuva,-47.874802,-21.320101
Myracrodruon_urundeuva,-47.855099,-21.066401
Myracrodruon_urundeuva,-47.8041,-21.2971
Myracrodruon_urundeuva,-47.8167,-21.6667
Myracrodruon_urundeuva,-49.162399,-22.124399
Myracrodruon_urundeuva,-49.118,-21.997299
Myracrodruon_urundeuva,-50.842098,-21.543301
Myracrodruon_urundeuva,-51.208698,-22.1702
Myracrodruon_urundeuva,-51.379902,-21.235599
Myracrodruon_urundeuva,-46.8747,-17.2222
Myracrodruon_urundeuva,-43.2075,-22.9028
Myracrodruon_urundeuva,-51.566667,-20.783333
Myracrodruon_urundeuva,-46.783611,-17.313056
Myracrodruon_urundeuva,-36.95359,-6.72737
Myracrodruon_urundeuva,-45.666667,-7.216667
Myracrodruon_urundeuva,-45.25,-7.416667
Myracrodruon_urundeuva,-55.1683006286621,-21.6144008636475
Myracrodruon_urundeuva,-47.5800018310547,-20.3099994659424
Myracrodruon_urundeuva,-52.0368995666504,-21.2558002471924
Myracrodruon_urundeuva,-51.0999984741211,-20.6299991607666
Myracrodruon_urundeuva,-50.2900009155273,-19.9799995422363
Myracrodruon_urundeuva,-39.7375,-12.145278
Myracrodruon_urundeuva,-38.3333015441895,-11.3667001724243
Myracrodruon_urundeuva,-41.164444,-12.869722
Myracrodruon_urundeuva,-40.836111,-11.135278
Myracrodruon_urundeuva,-44.85,-19.533333
Myracrodruon_urundeuva,-40.283333,-9.283333
Myracrodruon_urundeuva,-43.1375,-13.462222
Myracrodruon_urundeuva,-39.083333,-12.533333
Myracrodruon_urundeuva,-41.551111,-11.405
Myracrodruon_urundeuva,-39.516667,-12.766667
Myracrodruon_urundeuva,-41.816667,-13.233333
Myracrodruon_urundeuva,-40.819444,-9.964444
Myracrodruon_urundeuva,-39.631944,-11.607222
Myracrodruon_urundeuva,-42.6,-11.816667
Myracrodruon_urundeuva,-41.933333,-14.533333
Myracrodruon_urundeuva,-39.183333,-9.15
Myracrodruon_urundeuva,-40.489444,-11.306111
Myracrodruon_urundeuva,-40.691667,-9.746667
Myracrodruon_urundeuva,-42.25,-11.633333
Myracrodruon_urundeuva,-42,-11.633333
Myracrodruon_urundeuva,-42.716667,-10.816667
Myracrodruon_urundeuva,-39,-10.5
Myracrodruon_urundeuva,-44.983333,-12.15
Myracrodruon_urundeuva,-40.5775,-11.378333
Myracrodruon_urundeuva,-43.133333,-11.083333
Myracrodruon_urundeuva,-41.577778,-12.350278
Myracrodruon_urundeuva,-42.689167,-10.678889
Myracrodruon_urundeuva,-41.8558006286621,-11.3042001724243
Myracrodruon_urundeuva,-40.9724998474121,-12.9863996505737
Myracrodruon_urundeuva,-40.4308013916016,-13.4411001205444
Myracrodruon_urundeuva,-56.6227989196777,-16.2567005157471
Myracrodruon_urundeuva,-54.65,-20.45
Myracrodruon_urundeuva,-56.65,-18.983333
Myracrodruon_urundeuva,-57.588611,-19.142778
Myracrodruon_urundeuva,-55.863056,-18.9575
Myracrodruon_urundeuva,-57.516667,-19.533333
Myracrodruon_urundeuva,-56.433333,-16.166667
Myracrodruon_urundeuva,-39.7243995666504,-15.1424999237061
Myracrodruon_urundeuva,-36.9085998535156,-5.57667016983032
Myracrodruon_urundeuva,-35.518056,-8.085833
Myracrodruon_urundeuva,-42.246667,-8.358056
Myracrodruon_urundeuva,-40.7742004394531,-5.53444004058838
Myracrodruon_urundeuva,-35.9761009216309,-8.28332996368408
Myracrodruon_urundeuva,-38.2193984985352,-8.97916984558105
Myracrodruon_urundeuva,-35.3325004577637,-7.32860994338989
Myracrodruon_urundeuva,-37.1231002807617,-9.11139011383057
Myracrodruon_urundeuva,-36.9206008911133,-5.79943990707397
Myracrodruon_urundeuva,-38.321111,-7.983333
Myracrodruon_urundeuva,-35.375,-5.883333
Myracrodruon_urundeuva,-37.158333,-8.4
Myracrodruon_urundeuva,-38.2146987915039,-9.40610980987549
Myracrodruon_urundeuva,-38.5685997009277,-8.60111045837402
Myracrodruon_urundeuva,-41.75,-5.45
Myracrodruon_urundeuva,-39.116667,-9.566667
Myracrodruon_urundeuva,-42.2,-7.216667
Myracrodruon_urundeuva,-37.2644004821777,-8.07361030578613
Myracrodruon_urundeuva,-38.183333,-10.708333
Myracrodruon_urundeuva,-37.412247,-10.036117
Myracrodruon_urundeuva,-37.756667,-9.623889
Myracrodruon_urundeuva,-37.355528,-10.0975
Myracrodruon_urundeuva,-36.967222,-10.113667
Myracrodruon_urundeuva,-37.419861,-10.1035
Myracrodruon_urundeuva,-41,-5
Myracrodruon_urundeuva,-43.920997,-20.490936
Myracrodruon_urundeuva,-41.4721984863281,-19.1721992492676
Myracrodruon_urundeuva,-44.9418983459473,-17.3449993133545
Myracrodruon_urundeuva,-44.043098449707,-19.0060997009277
Myracrodruon_urundeuva,-47.8777778,-15.9472222
Myracrodruon_urundeuva,-44.174167,-2.542222
Myracrodruon_urundeuva,-49.377222,-21.042778
Myracrodruon_urundeuva,-40.534722,-19.3325
Myracrodruon_urundeuva,-37.260278,-6.659722
Myracrodruon_urundeuva,-37.620278,-5.399444
Myracrodruon_urundeuva,-41.095833,-13.929722
Myracrodruon_urundeuva,-37.259444,-5.399722
Myracrodruon_urundeuva,-36.180278,-6.299444
Myracrodruon_urundeuva,-39.2827987670898,-11.5638999938965
Myracrodruon_urundeuva,-37.052722,-6.20275
Myracrodruon_urundeuva,-43.833,-19.497528
Myracrodruon_urundeuva,-38.302056,-7.899389
Myracrodruon_urundeuva,-41.6636009216309,-13.2496995925903
Myracrodruon_urundeuva,-40.19580078125,-10.2638998031616
Myracrodruon_urundeuva,-44.9733009338379,-12.3633003234863
Myracrodruon_urundeuva,-37.7696990966797,-4.56166982650757
Myracrodruon_urundeuva,-37.7811012268066,-4.83388996124268
Myracrodruon_urundeuva,-35.8810997009277,-7.23055982589722
Myracrodruon_urundeuva,-37.7467002868652,-6.34389019012451
Myracrodruon_urundeuva,-36.5778007507324,-7.06832981109619
Myracrodruon_urundeuva,-35.7969017028809,-8.23332977294922
Myracrodruon_urundeuva,-39.9411010742188,-7.77832984924316
Myracrodruon_urundeuva,-39.310001373291,-8.51416969299316
Myracrodruon_urundeuva,-36.2331008911133,-8.48639011383057
Myracrodruon_urundeuva,-35.5647010803223,-8.20110988616943
Myracrodruon_urundeuva,-37.690299987793,-8.54055976867676
Myracrodruon_urundeuva,-36.3199996948242,-8.66361045837402
Myracrodruon_urundeuva,-35.4502983093262,-7.87472009658813
Myracrodruon_urundeuva,-35.3958015441895,-8.14138984680176
Myracrodruon_urundeuva,-36.4444007873535,-8.522780418396
Myracrodruon_urundeuva,-37.0203018188477,-6.03388977050781
Myracrodruon_urundeuva,-35.801700592041,-6.19944000244141
Myracrodruon_urundeuva,-35.4608001708984,-5.198890209198
Myracrodruon_urundeuva,-38.701944,-6.5
Myracrodruon_urundeuva,-37.559167,-8.25
Myracrodruon_urundeuva,-37.6425,-8.725833
Myracrodruon_urundeuva,-38.1425,-8.083333
Myracrodruon_urundeuva,-38.666667,-9.166667
Myracrodruon_urundeuva,-39.559167,-8.451944
Myracrodruon_urundeuva,-38.6425,-7.368611
Myracrodruon_urundeuva,-52.8731,-10.8339
Myracrodruon_urundeuva,-50.9281005859375,-17.7980995178223
Myracrodruon_urundeuva,-48.303611,-18.606389
Myracrodruon_urundeuva,-47.9319000244141,-19.7483005523682
Myracrodruon_urundeuva,-48.2771987915039,-18.9186000823975
Myracrodruon_urundeuva,-48.187198638916,-18.6471996307373
Myracrodruon_urundeuva,-47.9463996887207,-18.1658000946045
Myracrodruon_urundeuva,-49.3814010620117,-19.9085998535156
Myracrodruon_urundeuva,-46.8074989318848,-18.1783008575439
Myracrodruon_urundeuva,-49.185001373291,-18.4361000061035
Myracrodruon_urundeuva,-55.966667,-16.266667
Myracrodruon_urundeuva,-59.867222,-14.490833
Myracrodruon_urundeuva,-55.791347,-16.264181
Myracrodruon_urundeuva,-54.578378,-16.465103
Myracrodruon_urundeuva,-50.9958000183105,-14.3971996307373
Myracrodruon_urundeuva,-56.3274993896484,-14.7202997207642
Myracrodruon_urundeuva,-51.6324996948242,-10.8768997192383
Myracrodruon_urundeuva,-56.1324996948242,-15.6466999053955
Myracrodruon_urundeuva,-38.460721,-6.043613
Myracrodruon_urundeuva,-36.352846,-7.412981
Myracrodruon_urundeuva,-47.809718,-15.796021
Myracrodruon_urundeuva,-40.457222,-9.383055
Myracrodruon_urundeuva,-39.866333,-9.894333
Myracrodruon_urundeuva,-39.246944,-10.743611
Myracrodruon_urundeuva,-37.1825,-8.151389
Myracrodruon_urundeuva,-37.227222,-8.208333
Myracrodruon_urundeuva,-37.138333,-8.311389
Myracrodruon_urundeuva,-36.951667,-8.246389
Myracrodruon_urundeuva,-39.257734,-6.393053
Myracrodruon_urundeuva,-39.804444,-7.792778
Myracrodruon_urundeuva,-52.385,-24.062222
Myracrodruon_urundeuva,-54.615556,-20.508056
Myracrodruon_urundeuva,-36.8075,-7.390833
Myracrodruon_urundeuva,-47.396694,-7.137917
Myracrodruon_urundeuva,-49.2013,-14.023
Myracrodruon_urundeuva,-56.448889,-21.178611
Myracrodruon_urundeuva,-36.7396,-9.6701
Myracrodruon_urundeuva,-42.233611,-15.878056
Myracrodruon_urundeuva,-53.697778,-18.126389
Myracrodruon_urundeuva,-41.494167,-11.19
Myracrodruon_urundeuva,-41.383056,-11.214444
Myracrodruon_urundeuva,-40.068305,-9.527388
Myracrodruon_urundeuva,-56.515675,-20.983168
Myracrodruon_urundeuva,-40.255861,-7.194917
Myracrodruon_urundeuva,-38.6425,-9.6425
Myracrodruon_urundeuva,-35.200833,-5.8425
Myracrodruon_urundeuva,-37.05852,-8.417644
Myracrodruon_urundeuva,-36.6425,-6.706944
Myracrodruon_urundeuva,-41.624444,-10.07
Myracrodruon_urundeuva,-37.348055,-8.156111
Myracrodruon_urundeuva,-38.306111,-6.9275
Myracrodruon_urundeuva,-57.886111,-22.001389
Myracrodruon_urundeuva,-37.694167,-8.053056
Myracrodruon_urundeuva,-39.0925,-7.238055
Myracrodruon_urundeuva,-39.068889,-7.053056
Myracrodruon_urundeuva,-38.390278,-7.216944
Myracrodruon_urundeuva,-38.943055,-8.269722
Myracrodruon_urundeuva,-38.431111,-6.310556
Myracrodruon_urundeuva,-36.720278,-7.186111
Myracrodruon_urundeuva,-36.18,-5.94
Myracrodruon_urundeuva,-36.36,-5.94
Myracrodruon_urundeuva,-51.200556,-8.632222
Myracrodruon_urundeuva,-36.689438,-8.973578
Myracrodruon_urundeuva,-36.580278,-10.065
Myracrodruon_urundeuva,-51.741944,-17.917778
Myracrodruon_urundeuva,-51.130833,-18.556944
Myracrodruon_urundeuva,-49.491389,-17.299167
Myracrodruon_urundeuva,-56.477778,-21.137222
Myracrodruon_urundeuva,-38.435556,-6.437778
Myracrodruon_urundeuva,-38.351663,-8.754708
Myracrodruon_urundeuva,-38.210556,-8.451667
Myracrodruon_urundeuva,-48.538889,-6.445556
Myracrodruon_urundeuva,-47.329167,-10.630556
Myracrodruon_urundeuva,-41.834444,-9.228333
Myracrodruon_urundeuva,-38.4372,-7.368486
Myracrodruon_urundeuva,-40.062222,-8.618889
Myracrodruon_urundeuva,-40.562527,-8.665027
Myracrodruon_urundeuva,-35.9325,-5.565833
Myracrodruon_urundeuva,-40.696389,-9.345556
Myracrodruon_urundeuva,-38.941667,-7.538056
Myracrodruon_urundeuva,-39.830278,-8.008333
Myracrodruon_urundeuva,-37.952416,-8.515361
Myracrodruon_urundeuva,-38.783138,-8.3785
Myracrodruon_urundeuva,-38.61075,-7.04575
Myracrodruon_urundeuva,-50.441944,-17.469167
Myracrodruon_urundeuva,-38.754167,-6.844444
Myracrodruon_urundeuva,-40.040833,-8.372222
Myracrodruon_urundeuva,-38.004444,-8.141111
Myracrodruon_urundeuva,-38.005278,-8.013611
Myracrodruon_urundeuva,-38.451389,-6.504167
Myracrodruon_urundeuva,-38.610138,-8.003611
Myracrodruon_urundeuva,-37.164167,-9.550278
Myracrodruon_urundeuva,-36.36,-6.241111
Myracrodruon_urundeuva,-38.245,-7.490833
Myracrodruon_urundeuva,-38.244722,-8.283333
Myracrodruon_urundeuva,-39.901667,-12.929167
Myracrodruon_urundeuva,-37.568397,-7.863111
Myracrodruon_urundeuva,-37.471944,-7.775556
Myracrodruon_urundeuva,-56.709167,-20.961667
Myracrodruon_urundeuva,-39.141111,-7.548056
Myracrodruon_urundeuva,-38.838889,-7.220556
Myracrodruon_urundeuva,-53.244139,-22.698611
Myracrodruon_urundeuva,-39.304883,-8.175127
Myracrodruon_urundeuva,-39.305083,-7.571
Myracrodruon_urundeuva,-37.410278,-9.481944
Myracrodruon_urundeuva,-37.211944,-10.055
Myracrodruon_urundeuva,-38.11,-10.423056
Myracrodruon_urundeuva,-37.244444,-10.021111
Myracrodruon_urundeuva,-43.463056,-15.709167
Myracrodruon_urundeuva,-41.415278,-10.273333
Myracrodruon_urundeuva,-37.780556,-8.328889
Myracrodruon_urundeuva,-38.302472,-8.714555
Myracrodruon_urundeuva,-37.472222,-9.393611
Myracrodruon_urundeuva,-37.823056,-8.35
Myracrodruon_urundeuva,-38.308889,-8.594167
Myracrodruon_urundeuva,-37.492222,-8.206111
Myracrodruon_urundeuva,-38.183056,-8.353889
Myracrodruon_urundeuva,-41.369999,-9.32
Myracrodruon_urundeuva,-57.727222,-19.153611
Myracrodruon_urundeuva,-57.7875,-19.108611
Myracrodruon_urundeuva,-37.866916,-8.377472
Myracrodruon_urundeuva,-38.516667,-6.295833
Myracrodruon_urundeuva,-48.181389,-18.362222
Myracrodruon_urundeuva,-38.226888,-8.376888
Myracrodruon_urundeuva,-57.763611,-21.705278
Myracrodruon_urundeuva,-38.601667,-7.114167
Myracrodruon_urundeuva,-37.031389,-6.120833
Pilocereus_gounellei,-40.1958,-10.2639
Pilocereus_gounellei,-39.2980995178223,-7.58249998092651
Pilocereus_gounellei,-36.853195,-7.692872
Pilocereus_gounellei,-36.878642,-6.427039
Pilocereus_gounellei,-38.50813,-5.149824
Pilocereus_gounellei,-36.354036,-7.41506
Pilocereus_gounellei,-38.958562,-6.680244
Pilocereus_gounellei,-36.661955,-7.100366
Pilocereus_gounellei,-36.296676,-7.380756
Pilocereus_gounellei,-38.695556,-11.099167
Pilocereus_gounellei,-36.824369,-7.210182
Pilocereus_gounellei,-36.656786,-6.688186
Pilocereus_gounellei,-37.084814,-6.462216
Pilocereus_gounellei,-37.680878,-9.653407
Pilocereus_gounellei,-40.75533,-10.075033
Pilocereus_gounellei,-38.46058,-6.046457
Pilocereus_gounellei,-39.257734,-6.393053
Pilocereus_gounellei,-39.298356,-6.366758
Pilocereus_gounellei,-38.809444,-10.950556
Pilocereus_gounellei,-37.328333,-9.166667
Pilocereus_gounellei,-42.819167,-10.786944
Pilocereus_gounellei,-41.438889,-11.011944
Pilocereus_gounellei,-37.947911,-9.559747
Pilocereus_gounellei,-41.197778,-14.116944
Pilocereus_gounellei,-39.998627,-4.069433
Pilocereus_gounellei,-36.7396,-9.6701
Pilocereus_gounellei,-35.845278,-5.543056
Pilocereus_gounellei,-41.387222,-11.536167
Pilocereus_gounellei,-35.999999,-7.020008
Pilocereus_gounellei,-40.319722,-9.046944
Pilocereus_gounellei,-37.165833,-6.706389
Pilocereus_gounellei,-36.900006,-7.199999
Pilocereus_gounellei,-37.6575,-7.846667
Pilocereus_gounellei,-43.15,-11.816667
Pilocereus_gounellei,-36.3955,-8.3339
Pilocereus_gounellei,-41.670833,-10.649444
Pilocereus_gounellei,-38.936878,-11.194328
Pilocereus_gounellei,-35.28,-6.375556
Pilocereus_gounellei,-40.027307,-7.090772
Pilocereus_gounellei,-41.712685,-4.100575
Pilocereus_gounellei,-43.757594,-14.884167
Pilocereus_gounellei,-36.111968,-7.477105
Pilocereus_gounellei,-41.048889,-13.781667
Pilocereus_gounellei,-44.457778,-15.498055
Pilocereus_gounellei,-41.475833,-9.368611
Pilocereus_gounellei,-40.816667,-9.45
Pilocereus_gounellei,-39.310265,-8.508192
Pilocereus_gounellei,-36.945564,-6.698188
Pilocereus_gounellei,-38.486346,-7.426555
Pilocereus_gounellei,-35.201667,-5.8425
Pilocereus_gounellei,-41.410833,-11.444444
Pilocereus_gounellei,-38.255,-6.370833
Pilocereus_gounellei,-38.416667,-6.618611
Pilocereus_gounellei,-37.083056,-9.9675
Pilocereus_gounellei,-35.94448,-8.45551
Pilocereus_gounellei,-37.045833,-9.580278
Pilocereus_gounellei,-38.958333,-8.305556
Pilocereus_gounellei,-39.559167,-8.475833
Pilocereus_gounellei,-36.36,-6.12
Pilocereus_gounellei,-36.3,-5.966667
Pilocereus_gounellei,-38.809167,-7.035278
Pilocereus_gounellei,-38.492778,-12.271111
Pilocereus_gounellei,-36.315833,-6.175833
Pilocereus_gounellei,-36.791667,-6.166111
Pilocereus_gounellei,-43.396667,-9.116111
Pilocereus_gounellei,-43.598333,-9.139722
Pilocereus_gounellei,-39.343611,-8.2175
Pilocereus_gounellei,-39.03,-7.883889
Pilocereus_gounellei,-40.565833,-7.084167
Pilocereus_gounellei,-43.170278,-9.030833
Pilocereus_gounellei,-43.892667,-16.64475
Pilocereus_gounellei,-35.5825,-6.865833
Pilocereus_gounellei,-39.794589,-4.575389
Pilocereus_gounellei,-41.834444,-9.228333
Pilocereus_gounellei,-42.418056,-8.802222
Pilocereus_gounellei,-39.564167,-8.073889
Pilocereus_gounellei,-38.173611,-6.959444
Pilocereus_gounellei,-38.518944,-8.988667
Pilocereus_gounellei,-39.819722,-7.946944
Pilocereus_gounellei,-38.597778,-8.996389
Pilocereus_gounellei,-38.963056,-8.718333
Pilocereus_gounellei,-37.386389,-6.661389
Pilocereus_gounellei,-38.6175,-9.995806
Pilocereus_gounellei,-37.605833,-8.162778
Pilocereus_gounellei,-38.016389,-8.254167
Pilocereus_gounellei,-37.910556,-8.165278
Pilocereus_gounellei,-39.221944,-8.128889
Pilocereus_gounellei,-41.104444,-4.687778
Pilocereus_gounellei,-41.073056,-9.878889
Pilocereus_gounellei,-37.743333,-8.269167
Pilocereus_gounellei,-37.960556,-8.511389
Pilocereus_gounellei,-43.445833,-8.986111
Pilocereus_gounellei,-38.688611,-8.740556
Pilocereus_gounellei,-37.471389,-8.1325
Pilocereus_gounellei,-37.303889,-8.034444
Pilocereus_gounellei,-37.698611,-8.248056
Pilocereus_gounellei,-36.898222,-7.470556
Pilocereus_gounellei,-39.758056,-8.699444
Pilocereus_gounellei,-39.08075,-7.925917
Pilocereus_gounellei,-38.840556,-7.575
Pilocereus_gounellei,-39.623333,-9.176944
Pilocereus_gounellei,-40.801944,-8.802778
Pilocereus_gounellei,-43.455278,-8.906111
Pilocereus_gounellei,-37.248056,-6.556111
Pilocereus_gounellei,-40.554167,-9.33
Pilocereus_gounellei,-40.807778,-9.390556
Pilocereus_gounellei,-39.335833,-8.399167
Pilocereus_gounellei,-39.598889,-8.158611
Pilocereus_gounellei,-38.105556,-7.847778
Pilocereus_gounellei,-37.761944,-8.184167
Pilocereus_gounellei,-37.5575,-8.163056
Pilocereus_gounellei,-35.96,-5.753333
Pilocereus_gounellei,-39.286111,-7.965833
Pilocereus_gounellei,-40.323333,-8.246944
Pilocereus_gounellei,-40.093889,-7.876667
Pilocereus_gounellei,-40.235556,-8.918611
Pilocereus_gounellei,-39.676111,-8.145556
Pilocereus_gounellei,-43.497222,-9.213333
Pilocereus_gounellei,-36.863767,-8.115136
Pilocereus_gounellei,-41.251944,-9.278611
Pilocereus_gounellei,-40.283333,-9.283333
Pilocereus_gounellei,-41.6775,-9.310111
Pilocereus_gounellei,-40.881667,-9.519722
Pilocereus_gounellei,-38.311944,-6.993611
Pilocereus_gounellei,-38.909444,-8.875833
Pilocereus_gounellei,-39.477222,-8.453889
Pilocereus_gounellei,-37.361111,-8.064444
Pilocereus_gounellei,-37.640264,-8.086168
Pilocereus_gounellei,-37.233333,-8.566667
Pilocereus_gounellei,-39,-9.945
Pilocereus_gounellei,-43.133333,-11.083333
Pilocereus_gounellei,-36.308611,-7.333333
Pilocereus_gounellei,-41.355278,-11.340278
Pilocereus_gounellei,-38.548056,-7.613611
Pilocereus_gounellei,-38.979722,-10.895278
Pilocereus_gounellei,-37.56031,-9.730476
Pilocereus_gounellei,-39.133333,-9.9
Pilocereus_gounellei,-43.872778,-9.483889
Pilocereus_gounellei,-41.401944,-3.539167
Pilocereus_gounellei,-38.966667,-11.333333
Pilocereus_gounellei,-34.950278,-8.012778
Pilocereus_gounellei,-40.921667,-9.168889
Pilocereus_gounellei,-43.619444,-16.660833
Pilocereus_gounellei,-39.024444,-4.955556
Pilocereus_gounellei,-36.779367,-8.44775
Pilocereus_gounellei,-39.85,-12.883333
Pilocereus_gounellei,-38.228056,-6.759444
Pilocereus_gounellei,-35.881111,-7.230833
Pilocereus_gounellei,-36.879167,-8.575
Pilocereus_gounellei,-40.133333,-6.616667
Pilocereus_gounellei,-36.287222,-7.489167
Pilocereus_gounellei,-42.166667,-13.633333
Pilocereus_gounellei,-40.666667,-9.25
Pilocereus_gounellei,-40.519722,-9.130556
Pilocereus_gounellei,-40.416667,-13.433333
Pilocereus_gounellei,-37.797708,-7.241836
Pilocereus_gounellei,-37.355059,-8.507242
Pilocereus_gounellei,-37.317409,-8.413305
Spondias_tuberosa,-39.468639,-8.470208
Spondias_tuberosa,-39.073528,-7.846639
Spondias_tuberosa,-41.4668998718262,-7.07694005966187
Spondias_tuberosa,-44.5,-15.5
Spondias_tuberosa,-39.8,-10.683333
Spondias_tuberosa,-42.964444,-6.7075
Spondias_tuberosa,-42.8525,-6.155278
Spondias_tuberosa,-42.349444,-4.459639
Spondias_tuberosa,-42.2,-7.216667
Spondias_tuberosa,-38.1305999755859,-5.24666976928711
Spondias_tuberosa,-41.0393981933594,-5.86556005477905
Spondias_tuberosa,-45.1622009277344,-10.4433002471924
Spondias_tuberosa,-41.817798614502,-4.77111005783081
Spondias_tuberosa,-42.1310997009277,-7.0252799987793
Spondias_tuberosa,-42.2467002868652,-8.35805988311768
Spondias_tuberosa,-41.7332992553711,-4.91388988494873
Spondias_tuberosa,-42.8018989562988,-5.08916997909546
Spondias_tuberosa,-40.3069000244141,-12.5275001525879
Spondias_tuberosa,-36.4928016662598,-8.89027976989746
Spondias_tuberosa,-43.1375,-13.46222
Spondias_tuberosa,-39.5508003234863,-18.0863990783691
Spondias_tuberosa,-43.859167,-15.210278
Spondias_tuberosa,-41.533333,-9.283333
Spondias_tuberosa,-44.9900016784668,-12.1527996063232
Spondias_tuberosa,-42.6549987792969,-14.7714004516602
Spondias_tuberosa,-36.0606002807617,-6.71971988677979
Spondias_tuberosa,-35.9606018066406,-7.16110992431641
Spondias_tuberosa,-36.287222,-7.489167
Spondias_tuberosa,-36.272222,-7.390833
Spondias_tuberosa,-36.8975,-7.470833
Spondias_tuberosa,-35.741667,-6.558333
Spondias_tuberosa,-35.900833,-7.454444
Spondias_tuberosa,-36.665,-7.483333
Spondias_tuberosa,-36.629167,-6.941944
Spondias_tuberosa,-38.645278,-8.091667
Spondias_tuberosa,-34.866667,-8
Spondias_tuberosa,-35.7075004577637,-7.54527997970581
Spondias_tuberosa,-37.1199989318848,-7.88944005966187
Spondias_tuberosa,-37.3258018493652,-6.84721994400024
Spondias_tuberosa,-37.3088989257812,-7.16249990463257
Spondias_tuberosa,-35.5400009155273,-6.75500011444092
Spondias_tuberosa,-35.6371994018555,-6.48832988739014
Spondias_tuberosa,-35.6636009216309,-7.69555997848511
Spondias_tuberosa,-36.9185981750488,-6.87222003936768
Spondias_tuberosa,-36.5778007507324,-7.06832981109619
Spondias_tuberosa,-36.5327987670898,-7.39083003997803
Spondias_tuberosa,-37.833889,-9.501944
Spondias_tuberosa,-41.607778,-13.535556
Spondias_tuberosa,-37.866944,-9.611944
Spondias_tuberosa,-35.922222,-8.238333
Spondias_tuberosa,-36.092944,-8.587083
Spondias_tuberosa,-37.9933013916016,-7.73667001724243
Spondias_tuberosa,-36.3628005981445,-7.05721998214722
Spondias_tuberosa,-41.0050010681152,-8.51500034332275
Spondias_tuberosa,-37.0539016723633,-8.41888999938965
Spondias_tuberosa,-39.310001373291,-8.51416969299316
Spondias_tuberosa,-37.690299987793,-8.54055976867676
Spondias_tuberosa,-37.4597015380859,-7.676109790802
Spondias_tuberosa,-39.3755989074707,-8.22972011566162
Spondias_tuberosa,-42.4749984741211,-14.0693998336792
Spondias_tuberosa,-39.5783004760742,-8.09055995941162
Spondias_tuberosa,-38.1016998291016,-7.83805990219116
Spondias_tuberosa,-38.5685997009277,-8.60111045837402
Spondias_tuberosa,-37.2644004821777,-8.07361030578613
Spondias_tuberosa,-42.6994018554688,-9.01527976989746
Spondias_tuberosa,-35.247200012207,-6.82972002029419
Spondias_tuberosa,-40.3213996887207,-10.5074996948242
Spondias_tuberosa,-37.798900604248,-5.6641697883606
Spondias_tuberosa,-42.826944,-15.438056
Spondias_tuberosa,-39.0494003295898,-14.7889003753662
Spondias_tuberosa,-42.730598449707,-12.8231000900269
Spondias_tuberosa,-38.9667015075684,-12.2666997909546
Spondias_tuberosa,-43.418098449707,-13.2550001144409
Spondias_tuberosa,-41.6652984619141,-14.2035999298096
Spondias_tuberosa,-39.8535995483398,-10.6916999816895
Spondias_tuberosa,-36.0611000061035,-7.07667016983032
Spondias_tuberosa,-43.8419444,-16.6836111
Spondias_tuberosa,-44.1643981933594,-16.2628002166748
Spondias_tuberosa,-43.8616981506348,-16.7350006103516
Spondias_tuberosa,-44.9418983459473,-17.3449993133545
Spondias_tuberosa,-43.9219017028809,-14.854700088501
Spondias_tuberosa,-44.8643989562988,-15.9485998153687
Spondias_tuberosa,-44.0918998718262,-15.1021995544434
Spondias_tuberosa,-40.790278,-9.359722
Spondias_tuberosa,-38.533333,-8.2
Spondias_tuberosa,-37.53984,-5.411699
Spondias_tuberosa,-43.560556,-10.099444
Spondias_tuberosa,-43.74,-14.58
Spondias_tuberosa,-43.56,-13.139722
Spondias_tuberosa,-44.100009,-4.139991
Spondias_tuberosa,-38.2146987915039,-9.40610980987549
Spondias_tuberosa,-40.0816993713379,-7.88250017166138
Spondias_tuberosa,-39.2273659,-14.771874
Spondias_tuberosa,-40.5006,-9.3986
Spondias_tuberosa,-40.455,-3.5419
Spondias_tuberosa,-39.1,-11.9
Spondias_tuberosa,-39.0142,-13.035
Spondias_tuberosa,-42.2,-13.55
Spondias_tuberosa,-40.17,-14
Spondias_tuberosa,-41.2,-12.82
Spondias_tuberosa,-39.0831,-10.9222
Spondias_tuberosa,-39.1018981933594,-12.6700000762939
Spondias_tuberosa,-45.1408,-7.0844
Spondias_tuberosa,-45.08,-7.38
Spondias_tuberosa,-38.154167,-7.031944
Spondias_tuberosa,-38.673889,-8.130556
Spondias_tuberosa,-36.8741989135742,-8.57472038269043
Spondias_tuberosa,-39.3116989135742,-4.35889005661011
Spondias_tuberosa,-40.1489,-11.7114
Spondias_tuberosa,-39.4817,-9.84139
Spondias_tuberosa,-41.2592,-14.7258
Spondias_tuberosa,-44.3616981506348,-15.4881000518799
Spondias_tuberosa,-43.222778,-7.965833
Spondias_tuberosa,-39.1166667,-12.7166667
Spondias_tuberosa,-40.187778,-6.598333
Spondias_tuberosa,-40.120833,-6.600278
Spondias_tuberosa,-40.181806,-6.666278
Spondias_tuberosa,-40.29,-6.576389
Spondias_tuberosa,-40.821806,-5.237528
Spondias_tuberosa,-38.098833,-5.160833
Spondias_tuberosa,-38.6530990600586,-3.73610997200012
Spondias_tuberosa,-40.6775016784668,-5.1783299446106
Spondias_tuberosa,-39.4094009399414,-7.23416996002197
Spondias_tuberosa,-38.9331016540527,-4.26332998275757
Spondias_tuberosa,-38.6255989074707,-3.87666988372803
Spondias_tuberosa,-40.0266990661621,-7.09055995941162
Spondias_tuberosa,-37.4453010559082,-7.03888988494873
Spondias_tuberosa,-39.9411010742188,-7.77832984924316
Spondias_tuberosa,-39.5511016845703,-7.63082981109619
Spondias_tuberosa,-41.323299407959,-5.50361013412476
Spondias_tuberosa,-36.9085998535156,-5.57667016983032
Spondias_tuberosa,-37.4025,-5.066389
Spondias_tuberosa,-37.85,-6.116667
Spondias_tuberosa,-37.761111,-6.208333
Spondias_tuberosa,-40.2652778,-14.3533333
Spondias_tuberosa,-42.239167,-13.443056
Spondias_tuberosa,-39.0264015197754,-9.8966703414917
Spondias_tuberosa,-41.1561012268066,-11.5500001907349
Spondias_tuberosa,-44.1603012084961,-14.2624998092651
Spondias_tuberosa,-38.335,-9.674619
Spondias_tuberosa,-37.289167,-10.039167
Spondias_tuberosa,-36.663958,-9.755569
Spondias_tuberosa,-37.451719,-9.749378
Spondias_tuberosa,-37.503611,-9.723333
Spondias_tuberosa,-37.025414,-9.971172
Spondias_tuberosa,-37.510808,-9.529631
Spondias_tuberosa,-37.681228,-9.276686
Spondias_tuberosa,-37.936147,-9.261356
Spondias_tuberosa,-37.338639,-9.242292
Spondias_tuberosa,-36.9913,-9.418883
Spondias_tuberosa,-37.275758,-9.919739
Spondias_tuberosa,-36.332878,-9.915233
Spondias_tuberosa,-37.451719,-9.666667
Spondias_tuberosa,-38.050972,-9.379661
Spondias_tuberosa,-37.317222,-9.166667
Spondias_tuberosa,-38.9667015075684,-11.3332996368408
Spondias_tuberosa,-41.0158004760742,-19.5188999176025
Spondias_tuberosa,-41.3381,-11.4903
Spondias_tuberosa,-42.4914016723633,-13.5464000701904
Spondias_tuberosa,-35.9761009216309,-8.28332996368408
Spondias_tuberosa,-37.7904,-9.6514
Spondias_tuberosa,-39.705222,-12.72875
Spondias_tuberosa,-39.933333,-10.833333
Spondias_tuberosa,-41.333333,-9.833333
Spondias_tuberosa,-44.376944,-12.351944
Spondias_tuberosa,-37.748219,-8.582358
Spondias_tuberosa,-38.862389,-6.555194
Spondias_tuberosa,-39.817222,-9.036667
Spondias_tuberosa,-40.186694,-10.410556
Spondias_tuberosa,-39.955833,-15.140278
Spondias_tuberosa,-41.6389007568359,-11.9660997390747
Spondias_tuberosa,-41.8114013671875,-13.5789003372192
Spondias_tuberosa,-42.1685981750488,-4.82777976989746
Spondias_tuberosa,-41.4752998352051,-6.87166976928711
Spondias_tuberosa,-37.066667,-10.9
Spondias_tuberosa,-39.933333,-10.083333
Spondias_tuberosa,-41.850556,-9.415556
Spondias_tuberosa,-37.326944,-8.461667
Spondias_tuberosa,-39.083333,-12.533333
Spondias_tuberosa,-42.564722,-9.904167
Spondias_tuberosa,-38.483333,-9.333333
Spondias_tuberosa,-39.873333,-10.294167
Spondias_tuberosa,-40.230556,-10.103056
Spondias_tuberosa,-39.912778,-10.212222
Spondias_tuberosa,-44.32,-13.586111
Spondias_tuberosa,-40.333333,-9.35
Spondias_tuberosa,-39.018056,-9.945
Spondias_tuberosa,-44.55,-14.233333
Spondias_tuberosa,-42.297222,-12.648611
Spondias_tuberosa,-38.336389,-9.142222
Spondias_tuberosa,-38.773611,-11.123333
Spondias_tuberosa,-43.284444,-11.597222
Spondias_tuberosa,-41.331389,-10.505833
Spondias_tuberosa,-39.371667,-11.821944
Spondias_tuberosa,-41.822778,-11.406111
Spondias_tuberosa,-39.6,-10.966667
Spondias_tuberosa,-39.0825,-8.926944
Spondias_tuberosa,-38.923333,-8.881389
Spondias_tuberosa,-38.854444,-8.854444
Spondias_tuberosa,-39.078889,-8.740556
Spondias_tuberosa,-38.082778,-9.742778
Spondias_tuberosa,-41.999444,-12.020278
Spondias_tuberosa,-40.964722,-9.549722
Spondias_tuberosa,-41.917778,-9.472222
Spondias_tuberosa,-42.466389,-14.569722
Spondias_tuberosa,-42.076111,-13.747222
Spondias_tuberosa,-39.911667,-9.055556
Spondias_tuberosa,-39.833056,-8.920833
Spondias_tuberosa,-39.585,-9.159444
Spondias_tuberosa,-39.47,-9.422222
Spondias_tuberosa,-38.398333,-10.25
Spondias_tuberosa,-39.204167,-11.501111
Spondias_tuberosa,-39.899722,-12.932222
Spondias_tuberosa,-41.0475,-11.286667
Spondias_tuberosa,-39.109444,-9.745
Spondias_tuberosa,-42.665278,-9.627222
Spondias_tuberosa,-42.4225,-9.348333
Spondias_tuberosa,-41.529167,-7.684444
Spondias_tuberosa,-41.125,-7.353889
Spondias_tuberosa,-40.3325,-4.838056
Spondias_tuberosa,-38.6275,-9.990556
Spondias_tuberosa,-41.899444,-9.748056
Spondias_tuberosa,-42.73,-11.0325
Spondias_tuberosa,-41.118889,-13.921667
Spondias_tuberosa,-44.010833,-13.383333
Spondias_tuberosa,-39.776389,-12.7275
Spondias_tuberosa,-41.036944,-13.948889
Spondias_tuberosa,-37.814722,-8.106111
Spondias_tuberosa,-38.997778,-7.699444
Spondias_tuberosa,-37.8225,-7.916389
Spondias_tuberosa,-41.429444,-10.308889
Spondias_tuberosa,-39.111944,-8.298333
Spondias_tuberosa,-40.319722,-9.046944
Spondias_tuberosa,-36.406111,-8.81
Spondias_tuberosa,-43.7575,-14.884167
Spondias_tuberosa,-41.387222,-11.536111
Spondias_tuberosa,-41.011667,-12.451944
Spondias_tuberosa,-41.410556,-11.02
Spondias_tuberosa,-42.706944,-13.001389
Spondias_tuberosa,-42.517222,-13.060833
Spondias_tuberosa,-38.695556,-11.099167
Spondias_tuberosa,-38.809444,-10.950556
Spondias_tuberosa,-42.272778,-13.567222
Spondias_tuberosa,-38.683333,-12.366667
Spondias_tuberosa,-42.391944,-9.965278
Spondias_tuberosa,-41.836944,-11.755556
Spondias_tuberosa,-41.807222,-9.376111
Spondias_tuberosa,-39.332222,-9.723056
Spondias_tuberosa,-38.6025,-10.618889
Spondias_tuberosa,-35.674722,-6.452222
Spondias_tuberosa,-39.15,-10.016667
Spondias_tuberosa,-40.675833,-9.533889
Spondias_tuberosa,-39.062222,-8.231944
Spondias_tuberosa,-41.756111,-13.597778
Spondias_tuberosa,-38.9557991027832,-12.6183004379272
Spondias_tuberosa,-38.4808006286621,-10.0749998092651
Spondias_tuberosa,-40.4308013916016,-13.4411001205444
Spondias_tuberosa,-39.8588981628418,-12.8699998855591
Spondias_tuberosa,-39.8189010620117,-13.292200088501
Spondias_tuberosa,-41.9118995666504,-11.2292003631592
Spondias_tuberosa,-41.2481002807617,-14.0214004516602
Spondias_tuberosa,-36.059398651123,-8.48972034454346
Spondias_tuberosa,-39.1192016601562,-8.07417011260986
Spondias_tuberosa,-40.3347015380859,-8.23999977111816
Spondias_tuberosa,-41.861667,-17.07
Spondias_tuberosa,-42.086111,-13.038889
Spondias_tuberosa,-41.6636009216309,-13.2496995925903
Spondias_tuberosa,-38.718611,-8.059722
Spondias_tuberosa,-36.839389,-6.958917
Spondias_tuberosa,-37.098056,-7.296944
Spondias_tuberosa,-36.033333,-6.45
Spondias_tuberosa,-36.754722,-6.732222
Spondias_tuberosa,-36.185556,-6.951389
Spondias_tuberosa,-37.02645,-7.095972
Spondias_tuberosa,-36.1349983215332,-7.48166990280151
Spondias_tuberosa,-37.9110984802246,-6.0877799987793
Spondias_tuberosa,-36.7757987976074,-8.46638965606689
Spondias_tuberosa,-41.3899993896484,-12.563099861145
Spondias_tuberosa,-44.4,-15
Spondias_tuberosa,-43.932201385498,-14.7558002471924
Spondias_tuberosa,-39.365706,-8.578528
Spondias_tuberosa,-39.478861,-7.508778
Spondias_tuberosa,-39.7242012023926,-7.51194000244141
Spondias_tuberosa,-41.601944,-11.450278
Spondias_tuberosa,-37.974167,-9.66
Spondias_tuberosa,-36.605833,-6.403333
Spondias_tuberosa,-38.2193984985352,-8.97916984558105
Spondias_tuberosa,-36.2400016784668,-7.25943994522095
Spondias_tuberosa,-41.2966995239258,-13.8133001327515
Spondias_tuberosa,-40.315278,-13.586944
Spondias_tuberosa,-41.833333,-13.633333
Spondias_tuberosa,-39.990556,-12.513333
Spondias_tuberosa,-40.0835990905762,-13.8575000762939
Spondias_tuberosa,-41.4682998657227,-11.6935997009277
Spondias_tuberosa,-39.2803001403809,-14.7855997085571
Spondias_tuberosa,-35.6391983032227,-5.12472009658813
Spondias_tuberosa,-43.463056,-15.709167
Spondias_tuberosa,-38.4192008972168,-12.1356000900269
Spondias_tuberosa,-39.7372016906738,-12.1583003997803
Spondias_tuberosa,-38.3333015441895,-11.3667001724243
Spondias_tuberosa,-38.994167,-4.825778
Spondias_tuberosa,-39.106389,-10.120278
Spondias_tuberosa,-40.836111,-11.135278
Spondias_tuberosa,-40.233333,-14.133333
Spondias_tuberosa,-40.666111,-12.447222
Spondias_tuberosa,-39.133333,-9.9
Spondias_tuberosa,-39.416667,-12.75
Spondias_tuberosa,-39.516667,-12.766667
Spondias_tuberosa,-39.691111,-12.194444
Spondias_tuberosa,-39.631944,-11.607222
Spondias_tuberosa,-41.166667,-12.283333
Spondias_tuberosa,-41.933333,-14.533333
Spondias_tuberosa,-39.168333,-9.594722
Spondias_tuberosa,-39.933333,-12.7
Spondias_tuberosa,-42,-11.633333
Spondias_tuberosa,-42.133333,-11.633333
Spondias_tuberosa,-40.133333,-10.85
Spondias_tuberosa,-40.923611,-9.176389
Spondias_tuberosa,-42.716667,-10.816667
Spondias_tuberosa,-38.483333,-11.233333
Spondias_tuberosa,-39,-10.5
Spondias_tuberosa,-39.316667,-10.433333
Spondias_tuberosa,-40.549444,-11.440833
Spondias_tuberosa,-42.5,-10
Spondias_tuberosa,-42.09,-11.812222
Spondias_tuberosa,-40.35,-10.733333
Spondias_tuberosa,-40.283333,-9.283333
Spondias_tuberosa,-38.3241996765137,-12.6975002288818
Spondias_tuberosa,-35.518056,-8.085833
Spondias_tuberosa,-38.0341987609863,-8.27472019195557
Spondias_tuberosa,-35.7969017028809,-8.23332977294922
Spondias_tuberosa,-36.444167,-8.137778
Spondias_tuberosa,-38.221667,-7.930278
Spondias_tuberosa,-37.2799987792969,-7.02443981170654
Spondias_tuberosa,-35.3182983398438,-7.50528001785278
Spondias_tuberosa,-36.135799407959,-8.71805953979492
Spondias_tuberosa,-40.2677993774414,-7.76194000244141
Spondias_tuberosa,-39.7,-9.7
Spondias_tuberosa,-38.321111,-7.983333
Spondias_tuberosa,-38.7597007751465,-7.86139011383057
Spondias_tuberosa,-37.616667,-8.5
Spondias_tuberosa,-37.1231002807617,-9.11139011383057
Spondias_tuberosa,-34.9063987731934,-7.83416986465454
Spondias_tuberosa,-34.8810997009277,-8.05389022827148
Spondias_tuberosa,-37.419861,-10.1035
Spondias_tuberosa,-37.684167,-9.805278
Spondias_tuberosa,-43.141389,-11.089444
Spondias_tuberosa,-37.561944,-10.027222
Spondias_tuberosa,-38.183333,-10.708333
Spondias_tuberosa,-37.409775,-10.0324
Spondias_tuberosa,-37.672778,-9.66
Spondias_tuberosa,-38.101917,-10.746431
Spondias_tuberosa,-37.355278,-10.0975
Spondias_tuberosa,-46.333333,-8
Spondias_tuberosa,-37.728694,-9.729833
Spondias_tuberosa,-37.4103,-9.4819
Spondias_tuberosa,-38.11,-10.423
Spondias_tuberosa,-41.011667,-19.575
Spondias_tuberosa,-39.046111,-11.581111
Spondias_tuberosa,-41.689444,-11.071389
Spondias_tuberosa,-40.201111,-13.215
Spondias_tuberosa,-39.82,-18.237222
Spondias_tuberosa,-43.7736015319824,-14.3360996246338
Spondias_tuberosa,-39.4255981445312,-11.4949998855591
Spondias_tuberosa,-35.6916999816895,-6.96332979202271
Spondias_tuberosa,-36.4444007873535,-8.522780418396
Spondias_tuberosa,-43.6744,-15.3383
Spondias_tuberosa,-40.9707984924316,-9.16193962097168
Spondias_tuberosa,-41.8558006286621,-11.3042001724243
Spondias_tuberosa,-39.618611,-8.451944
Spondias_tuberosa,-39.6425,-8.1425
Spondias_tuberosa,-39.618611,-8.559167
Spondias_tuberosa,-39.166667,-8.475833
Spondias_tuberosa,-40.311111,-9.716667
Spondias_tuberosa,-40.870556,-9.6425
Spondias_tuberosa,-38.559167,-6.666667
Spondias_tuberosa,-38.333333,-8.166667
Spondias_tuberosa,-39.25,-8.475833
Spondias_tuberosa,-39.785278,-8.785278
Spondias_tuberosa,-39.451944,-8.333333
Spondias_tuberosa,-40.416667,-8.583333
Spondias_tuberosa,-38.29675,-8.705611
Spondias_tuberosa,-39.894916,-8.055416
Spondias_tuberosa,-38.789138,-7.006722
Spondias_tuberosa,-38.431861,-8.336916
Spondias_tuberosa,-40.571775,-9.462363
Spondias_tuberosa,-39.037813,-7.882563
Spondias_tuberosa,-41.186955,-10.026066
Spondias_tuberosa,-37.111666,-7.825055
Spondias_tuberosa,-37.643236,-8.237027
Spondias_tuberosa,-39.714888,-8.141944
Spondias_tuberosa,-37.5357,-8.536605
Spondias_tuberosa,-37.049952,-8.21628
Spondias_tuberosa,-38.783138,-8.3785
Spondias_tuberosa,-39.336444,-8.074722
Spondias_tuberosa,-37.575833,-8.163638
Spondias_tuberosa,-37.6195,-8.176194
Spondias_tuberosa,-38.1125,-8.588611
Spondias_tuberosa,-40.924277,-8.474277
Spondias_tuberosa,-38.305491,-8.566336
Spondias_tuberosa,-38.890472,-7.640416
Spondias_tuberosa,-37.359472,-8.063166
Spondias_tuberosa,-37.846966,-8.361841
Spondias_tuberosa,-39.325138,-8.469916
Spondias_tuberosa,-39.994972,-9.837205
Spondias_tuberosa,-38.395416,-8.794213
Spondias_tuberosa,-38.073886,-8.0225
Spondias_tuberosa,-40.251327,-8.230205
Spondias_tuberosa,-40.276386,-8.997994
Spondias_tuberosa,-41.591027,-9.048416
Spondias_tuberosa,-38.176061,-8.668319
Spondias_tuberosa,-37.75,-8.33475
Spondias_tuberosa,-37.613358,-7.859702
Spondias_tuberosa,-38.505,-8.52425
Spondias_tuberosa,-39.820925,-9.911927
Spondias_tuberosa,-39.319613,-7.548566
Spondias_tuberosa,-36.35091,-7.411161
Spondias_tuberosa,-37.267778,-6.565833
Spondias_tuberosa,-39.084167,-8.373889
Spondias_tuberosa,-35.627899,-6.002578
Spondias_tuberosa,-35.453091,-6.213294
Spondias_tuberosa,-41.109968,-10.136039
Spondias_tuberosa,-36.7396,-9.6701
Spondias_tuberosa,-37.2475,-9.37
Spondias_tuberosa,-35.7175,-5.103056
Spondias_tuberosa,-41.795278,-15.713611
Spondias_tuberosa,-40.094444,-7.092222
Spondias_tuberosa,-41.624444,-10.07
Spondias_tuberosa,-37.434444,-9.434722
Spondias_tuberosa,-39.411667,-7.975833
Spondias_tuberosa,-38.337222,-6.409722
Spondias_tuberosa,-38.974444,-8.27
Spondias_tuberosa,-41.788611,-10.246389
Spondias_tuberosa,-41.706111,-9.881389
Spondias_tuberosa,-39.360833,-7.7475
Spondias_tuberosa,-37.6925,-8.414722
Spondias_tuberosa,-38.049444,-7.980556
Spondias_tuberosa,-39.191111,-7.325556
Spondias_tuberosa,-43.599998,-15.56
Spondias_tuberosa,-42.849998,-14.96
Spondias_tuberosa,-43.990002,-14.85
Spondias_tuberosa,-43.779999,-15.17
Spondias_tuberosa,-44,-15.94
Spondias_tuberosa,-39.592222,-9.502778
Spondias_tuberosa,-40,-13.02
Spondias_tuberosa,-40.459999,-12.3
Spondias_tuberosa,-40.25,-11.96
Spondias_tuberosa,-38.029999,-9.56
Spondias_tuberosa,-37.27,-8.27
Spondias_tuberosa,-38.369999,-10.55
Spondias_tuberosa,-36.830002,-8.65
Spondias_tuberosa,-40.279999,-14.24
Spondias_tuberosa,-37.130001,-7.68
Spondias_tuberosa,-37.259998,-7.3
Spondias_tuberosa,-40.139999,-13.89
Spondias_tuberosa,-40.02,-11.25
Spondias_tuberosa,-39.939999,-10.7
Spondias_tuberosa,-38.93,-11.29
Spondias_tuberosa,-38.610001,-3.94
Spondias_tuberosa,-38.7175,-7.754722
Spondias_tuberosa,-38.514444,-6.331944
Spondias_tuberosa,-38.430278,-7.451667
Spondias_tuberosa,-39.1725,-8.073333
Spondias_tuberosa,-38.970001,-12.22
Spondias_tuberosa,-37.941111,-8.095
Spondias_tuberosa,-40.546667,-9.331667
Spondias_tuberosa,-39.140278,-8.019444
Spondias_tuberosa,-37.961111,-8.511111
Spondias_tuberosa,-37.227222,-8.525
Spondias_tuberosa,-37.402222,-9.393611
Spondias_tuberosa,-39.060001,-12.01
Spondias_tuberosa,-39.16,-11.99
Spondias_tuberosa,-37.164167,-9.550278
Spondias_tuberosa,-38.158611,-8.138333
Spondias_tuberosa,-35.880278,-7.014722
Spondias_tuberosa,-39.065278,-8.061111
Spondias_tuberosa,-39.222778,-8.130556
Spondias_tuberosa,-38.093056,-8.243889
Spondias_tuberosa,-37.445278,-8.345556
Spondias_tuberosa,-39.305,-8.175
Spondias_tuberosa,-43.939999,-13.24
Spondias_tuberosa,-43.720001,-12.19
Spondias_tuberosa,-42.889999,-15.34
Spondias_tuberosa,-43.200001,-12.23
Spondias_tuberosa,-41.279999,-10.66
Spondias_tuberosa,-42.919998,-12.38
Spondias_tuberosa,-42.93,-15.6
Spondias_tuberosa,-43.060001,-15.74
Spondias_tuberosa,-42.900002,-15.07
Spondias_tuberosa,-37.763889,-8.183056
Spondias_tuberosa,-37.194167,-8.031667
Spondias_tuberosa,-37.303889,-8.034444
Spondias_tuberosa,-37.698611,-8.248056
Spondias_tuberosa,-43.139999,-13.38
Spondias_tuberosa,-41.830002,-13.79
Spondias_tuberosa,-41.099998,-14.6
Spondias_tuberosa,-41.02,-13.74
Spondias_tuberosa,-39.470001,-12.75
Spondias_tuberosa,-40.34,-13.21
Spondias_tuberosa,-44.110001,-13.59
Spondias_tuberosa,-42.889999,-13.67
Spondias_tuberosa,-44.02,-13.74
Spondias_tuberosa,-42.299999,-14.17
Spondias_tuberosa,-42.27,-13.31
Spondias_tuberosa,-37.243611,-10.015556
Spondias_tuberosa,-41.529999,-12.18
Spondias_tuberosa,-37.472222,-9.393611
Spondias_tuberosa,-41.352778,-9.025556
Spondias_tuberosa,-40.111111,-10.243889
Spondias_tuberosa,-40.335833,-9.191667
Spondias_tuberosa,-39.479167,-8.126389
Spondias_tuberosa,-37.384167,-8.116111
Spondias_tuberosa,-38.167778,-9.255556
Spondias_tuberosa,-37.640264,-8.086168
